5.5085 	WARNING 	User requested fullscreen with size [800 600], but screen is actually [1920, 1080]. Using actual size
5.9526 	EXP 	Created window1 = Window(allowGUI=True, allowStencil=False, autoLog=True, backendConf=UNKNOWN, backgroundFit=<method-wrapper '__getattribute__' of attributeSetter object at 0x00000126F9D3BC70>, backgroundImage=<method-wrapper '__getattribute__' of attributeSetter object at 0x00000126F9D3BC10>, bitsMode=UNKNOWN, blendMode='avg', bpc=(8, 8, 8), color=array([0, 0, 0]), colorSpace='rgb', depthBits=8, fullscr=<method-wrapper '__getattribute__' of attributeSetter object at 0x00000126F9D3BA60>, gamma=None, gammaErrorPolicy='raise', infoMsg=UNKNOWN, lms=UNKNOWN, monitor=<psychopy.monitors.calibTools.Monitor object at 0x00000126F9E1D1C0>, multiSample=False, name='window1', numSamples=2, pos=[0.0, 0.0], screen=0, size=array([1920, 1080]), stencilBits=0, stereo=False, title='PsychoPy', units='norm', useFBO=True, useRetina=False, viewOri=0.0, viewPos=None, viewScale=None, waitBlanking=True, winType='pyglet')
5.9526 	EXP 	window1: backgroundImage = ''
5.9527 	EXP 	window1: backgroundFit = 'none'
5.9529 	EXP 	window1: mouseVisible = <method-wrapper '__getattribute__' of attributeSetter object at 0x00000126F9D3BD90>
5.9530 	EXP 	window1: mouseVisible = <method-wrapper '__getattribute__' of attributeSetter object at 0x00000126F9D3BD90>
5.9558 	EXP 	window1: mouseVisible = <method-wrapper '__getattribute__' of attributeSetter object at 0x00000126F9D3BD90>
5.9563 	EXP 	window1: mouseVisible = <method-wrapper '__getattribute__' of attributeSetter object at 0x00000126F9D3BD90>
5.9994 	EXP 	window1: mouseVisible = <method-wrapper '__getattribute__' of attributeSetter object at 0x00000126F9D3BD90>
5.9994 	EXP 	window1: mouseVisible = <method-wrapper '__getattribute__' of attributeSetter object at 0x00000126F9D3BD90>
5.9999 	EXP 	window1: mouseVisible = <method-wrapper '__getattribute__' of attributeSetter object at 0x00000126F9D3BD90>
6.0002 	EXP 	window1: mouseVisible = <method-wrapper '__getattribute__' of attributeSetter object at 0x00000126F9D3BD90>
6.0225 	EXP 	window1: Attempting to measure frame rate of screen (0) ...
6.0225 	EXP 	window1: recordFrameIntervals = False
6.1618 	EXP 	window1: recordFrameIntervals = True
6.3450 	EXP 	Screen (0) actual frame rate measured at 60.07Hz
6.3451 	EXP 	window1: recordFrameIntervals = False
6.3452 	EXP 	window1: mouseVisible = False
10.0009 	EXP 	fixation_dots_T2weighted: status = STARTED
10.0011 	EXP 	window1: mouseVisible = False
10.0340 	EXP 	Created waiting_trigger = TextStim(__class__=<class 'psychopy.visual.text.TextStim'>, alignHoriz=method-wrapper(...), alignText='center', alignVert=method-wrapper(...), anchorHoriz='center', anchorVert='center', antialias=True, autoDraw=False, autoLog=True, bold=False, color=array([1., 1., 1.]), colorSpace='rgb', contrast=1.0, depth=0.0, draggable=False, flipHoriz=False, flipVert=False, font='Open Sans', fontFiles=[], height=0.12, italic=False, languageStyle='LTR', name='waiting_trigger', opacity=1.0, ori=0.0, pos=array([ 0. , -0.4]), rgb=UNKNOWN, text=str(...), units='norm', win=Window(...), wrapWidth=1.7)
10.0341 	EXP 	window1: mouseVisible = False
10.0436 	EXP 	Created fix_desc = TextStim(__class__=<class 'psychopy.visual.text.TextStim'>, alignHoriz=method-wrapper(...), alignText='center', alignVert=method-wrapper(...), anchorHoriz='center', anchorVert='center', antialias=True, autoDraw=False, autoLog=True, bold=False, color=array([1., 1., 1.]), colorSpace='rgb', contrast=1.0, depth=-2.0, draggable=False, flipHoriz=False, flipVert=False, font='Open Sans', fontFiles=[], height=0.12, italic=False, languageStyle='LTR', name='fix_desc', opacity=1.0, ori=0.0, pos=array([0.  , 0.25]), rgb=UNKNOWN, text=str(...), units='norm', win=Window(...), wrapWidth=1.0)
10.0437 	EXP 	window1: mouseVisible = False
10.0461 	EXP 	Created dot_1 = ShapeStim(__class__=<class 'psychopy.visual.shape.ShapeStim'>, anchor=('center', 'center'), autoDraw=False, autoLog=True, closeShape=True, color=method-wrapper(...), colorSpace='rgb', contrast=None, depth=0.0, draggable=False, fillColor=array([ 1., -1., -1.]), fillColorSpace='rgb', fillRGB=array([ 1., -1., -1.]), interpolate=True, lineColor=array([ 1. , -0.2, -0.2]), lineColorSpace='rgb', lineRGB=array([ 1. , -0.2, -0.2]), lineWidth=1.0, name='dot_1', opacity=1, ori=0.0, pos=array([0., 0.]), size=array([0.04, 0.04]), units='norm', vertices=ndarray(...), win=Window(...), windingRule=None)
10.0462 	EXP 	window1: mouseVisible = False
10.0482 	EXP 	Created dot_2 = ShapeStim(__class__=<class 'psychopy.visual.shape.ShapeStim'>, anchor=('center', 'center'), autoDraw=False, autoLog=True, closeShape=True, color=method-wrapper(...), colorSpace='rgb', contrast=None, depth=-1.0, draggable=False, fillColor=array([-1.    ,  0.2706, -0.9843]), fillColorSpace='rgb', fillRGB=array([-1.    ,  0.2706, -0.9843]), interpolate=True, lineColor=array([1., 1., 1.]), lineColorSpace='rgb', lineRGB=array([1, 1, 1]), lineWidth=1.0, name='dot_2', opacity=1, ori=0.0, pos=array([0., 0.]), size=array([0.04, 0.04]), units='norm', vertices=ndarray(...), win=Window(...), windingRule=None)
10.0483 	EXP 	window1: mouseVisible = False
10.0501 	EXP 	Created dot_3 = ShapeStim(__class__=<class 'psychopy.visual.shape.ShapeStim'>, anchor=('center', 'center'), autoDraw=False, autoLog=True, closeShape=True, color=method-wrapper(...), colorSpace='rgb', contrast=None, depth=-2.0, draggable=False, fillColor=array([ 1.    ,  0.0745, -0.4667]), fillColorSpace='rgb', fillRGB=array([ 1.    ,  0.0745, -0.4667]), interpolate=True, lineColor=array([1., 0., 1.]), lineColorSpace='rgb', lineRGB=array([1, 0, 1]), lineWidth=1.0, name='dot_3', opacity=1, ori=0.0, pos=array([0., 0.]), size=array([0.04, 0.04]), units='norm', vertices=ndarray(...), win=Window(...), windingRule=None)
10.0501 	EXP 	window1: mouseVisible = False
10.0518 	EXP 	Created dot_4 = ShapeStim(__class__=<class 'psychopy.visual.shape.ShapeStim'>, anchor=('center', 'center'), autoDraw=False, autoLog=True, closeShape=True, color=method-wrapper(...), colorSpace='rgb', contrast=None, depth=-3.0, draggable=False, fillColor=array([-1,  1,  1]), fillColorSpace='rgb', fillRGB=array([-1,  1,  1]), interpolate=True, lineColor=array([-1.,  1.,  1.]), lineColorSpace='rgb', lineRGB=array([-1,  1,  1]), lineWidth=1.0, name='dot_4', opacity=1, ori=0.0, pos=array([0., 0.]), size=array([0.04, 0.04]), units='norm', vertices=ndarray(...), win=Window(...), windingRule=None)
10.0519 	EXP 	window1: mouseVisible = False
10.0537 	EXP 	Created dot_5 = ShapeStim(__class__=<class 'psychopy.visual.shape.ShapeStim'>, anchor=('center', 'center'), autoDraw=False, autoLog=True, closeShape=True, color=method-wrapper(...), colorSpace='rgb', contrast=None, depth=-4.0, draggable=False, fillColor=array([0.451 , 0.4275, 0.4353]), fillColorSpace='rgb', fillRGB=array([0.451 , 0.4275, 0.4353]), interpolate=True, lineColor=array([1., 1., 1.]), lineColorSpace='rgb', lineRGB=array([1, 1, 1]), lineWidth=1.0, name='dot_5', opacity=1, ori=0.0, pos=array([0., 0.]), size=array([0.04, 0.04]), units='norm', vertices=ndarray(...), win=Window(...), windingRule=None)
10.0537 	EXP 	window1: mouseVisible = False
10.0555 	EXP 	Created dot_6 = ShapeStim(__class__=<class 'psychopy.visual.shape.ShapeStim'>, anchor=('center', 'center'), autoDraw=False, autoLog=True, closeShape=True, color=method-wrapper(...), colorSpace='rgb', contrast=None, depth=-5.0, draggable=False, fillColor=array([ 1.    ,  0.7647, -0.6235]), fillColorSpace='rgb', fillRGB=array([ 1.    ,  0.7647, -0.6235]), interpolate=True, lineColor=array([1. , 1. , 0.5]), lineColorSpace='rgb', lineRGB=array([1. , 1. , 0.5]), lineWidth=1.0, name='dot_6', opacity=1, ori=0.0, pos=array([0., 0.]), size=array([0.04, 0.04]), units='norm', vertices=ndarray(...), win=Window(...), windingRule=None)
10.0556 	EXP 	window1: mouseVisible = False
10.0575 	EXP 	Created dot_7 = ShapeStim(__class__=<class 'psychopy.visual.shape.ShapeStim'>, anchor=('center', 'center'), autoDraw=False, autoLog=True, closeShape=True, color=method-wrapper(...), colorSpace='rgb', contrast=None, depth=-6.0, draggable=False, fillColor=array([ 0.2235, -1.    ,  1.    ]), fillColorSpace='rgb', fillRGB=array([ 0.2235, -1.    ,  1.    ]), interpolate=True, lineColor=array([-0.15, -0.1 ,  1.  ]), lineColorSpace='rgb', lineRGB=array([-0.15, -0.1 ,  1.  ]), lineWidth=1.0, name='dot_7', opacity=1, ori=0.0, pos=array([0., 0.]), size=array([0.04, 0.04]), units='norm', vertices=ndarray(...), win=Window(...), windingRule=None)
10.0575 	EXP 	window1: mouseVisible = False
10.0595 	EXP 	Created dot_8 = ShapeStim(__class__=<class 'psychopy.visual.shape.ShapeStim'>, anchor=('center', 'center'), autoDraw=False, autoLog=True, closeShape=True, color=method-wrapper(...), colorSpace='rgb', contrast=None, depth=-7.0, draggable=False, fillColor=array([ 0.3412, -0.1294, -0.5059]), fillColorSpace='rgb', fillRGB=array([ 0.3412, -0.1294, -0.5059]), interpolate=True, lineColor=array([0.5, 0.2, 0.2]), lineColorSpace='rgb', lineRGB=array([0.5, 0.2, 0.2]), lineWidth=1.0, name='dot_8', opacity=1, ori=0.0, pos=array([0., 0.]), size=array([0.04, 0.04]), units='norm', vertices=ndarray(...), win=Window(...), windingRule=None)
10.0595 	EXP 	window1: mouseVisible = False
10.0613 	EXP 	Created dot_9 = ShapeStim(__class__=<class 'psychopy.visual.shape.ShapeStim'>, anchor=('center', 'center'), autoDraw=False, autoLog=True, closeShape=True, color=method-wrapper(...), colorSpace='rgb', contrast=None, depth=-8.0, draggable=False, fillColor=array([-0.4118,  0.5765,  0.8353]), fillColorSpace='rgb', fillRGB=array([-0.4118,  0.5765,  0.8353]), interpolate=True, lineColor=array([0.5, 1. , 1. ]), lineColorSpace='rgb', lineRGB=array([0.5, 1. , 1. ]), lineWidth=1.0, name='dot_9', opacity=1, ori=0.0, pos=array([0., 0.]), size=array([0.04, 0.04]), units='norm', vertices=ndarray(...), win=Window(...), windingRule=None)
10.0613 	EXP 	window1: mouseVisible = False
10.0630 	EXP 	Created dot_10 = ShapeStim(__class__=<class 'psychopy.visual.shape.ShapeStim'>, anchor=('center', 'center'), autoDraw=False, autoLog=True, closeShape=True, color=method-wrapper(...), colorSpace='rgb', contrast=None, depth=-9.0, draggable=False, fillColor=array([0, 0, 0]), fillColorSpace='rgb', fillRGB=array([0, 0, 0]), interpolate=True, lineColor=array([0., 0., 0.]), lineColorSpace='rgb', lineRGB=array([0, 0, 0]), lineWidth=1.0, name='dot_10', opacity=1, ori=0.0, pos=array([0., 0.]), size=array([0.04, 0.04]), units='norm', vertices=ndarray(...), win=Window(...), windingRule=None)
10.0631 	EXP 	window1: mouseVisible = False
10.0667 	EXP 	Created text = TextStim(__class__=<class 'psychopy.visual.text.TextStim'>, alignHoriz=method-wrapper(...), alignText='center', alignVert=method-wrapper(...), anchorHoriz='center', anchorVert='center', antialias=True, autoDraw=False, autoLog=True, bold=False, color=array([1., 1., 1.]), colorSpace='rgb', contrast=1.0, depth=0.0, draggable=False, flipHoriz=False, flipVert=False, font='Open Sans', fontFiles=[], height=0.12, italic=False, languageStyle='LTR', name='text', opacity=1, ori=0.0, pos=array([0., 0.]), rgb=UNKNOWN, text="End press 't'", units='norm', win=Window(...), wrapWidth=1)
0.0024 	EXP 	window1: mouseVisible = False
0.0046 	EXP 	Created calibration_2Target = ShapeStim(__class__=<class 'psychopy.visual.shape.ShapeStim'>, anchor=('center', 'center'), autoDraw=False, autoLog=True, closeShape=True, color=method-wrapper(...), colorSpace='rgb', contrast=None, depth=0, draggable=False, fillColor=array([-1, -1, -1]), fillColorSpace='rgb', fillRGB=array([-1, -1, -1]), interpolate=True, lineColor=array([-1., -1., -1.]), lineColorSpace='rgb', lineRGB=array([-1, -1, -1]), lineWidth=2.0, name='calibration_2Target', opacity=1.0, ori=0.0, pos=array([0., 0.]), size=array([0.3, 0.3]), units='norm', vertices=ndarray(...), win=Window(...), windingRule=None)
0.0047 	EXP 	window1: mouseVisible = False
0.0066 	EXP 	Created calibration_2TargetInner = ShapeStim(__class__=<class 'psychopy.visual.shape.ShapeStim'>, anchor=('center', 'center'), autoDraw=False, autoLog=True, closeShape=True, color=method-wrapper(...), colorSpace='rgb', contrast=None, depth=0, draggable=False, fillColor=array([-1.        ,  0.00392157, -1.        ]), fillColorSpace='rgb', fillRGB=array([-1.        ,  0.00392157, -1.        ]), interpolate=True, lineColor=array([-1., -1., -1.]), lineColorSpace='rgb', lineRGB=array([-1, -1, -1]), lineWidth=2.0, name='calibration_2TargetInner', opacity=1.0, ori=0.0, pos=array([0., 0.]), size=array([0.14, 0.14]), units='norm', vertices=ndarray(...), win=Window(...), windingRule=None)
8.9053 	EXP 	waiting_trigger: autoDraw = True
8.9053 	EXP 	fix_desc: autoDraw = True
19.6069 	EXP 	eyetracker.setRecordingState(True)
19.6090 	EXP 	New trial (rep=0, index=0): <Trial 0 (0 in rep 0) data={'thisN': 0, 'thisTrialN': 0, 'thisRepN': 0}>
19.6118 	DATA 	Keypress: s
19.6159 	EXP 	waiting_trigger: autoDraw = False
19.6159 	EXP 	fix_desc: autoDraw = False
19.6159 	EXP 	dot_2: borderColor = <psychopy.colors.Color: (0.0, 1.0, 0.0, 1.0)>
19.6159 	EXP 	dot_1: autoDraw = True
20.6158 	EXP 	dot_1: autoDraw = False
20.6158 	EXP 	dot_2: autoDraw = True
21.6159 	EXP 	dot_2: autoDraw = False
21.6159 	EXP 	dot_3: autoDraw = True
22.6162 	EXP 	dot_3: autoDraw = False
22.6162 	EXP 	dot_4: autoDraw = True
23.6158 	EXP 	dot_4: autoDraw = False
23.6158 	EXP 	dot_5: autoDraw = True
24.6158 	EXP 	dot_5: autoDraw = False
24.6158 	EXP 	dot_6: autoDraw = True
25.6158 	EXP 	dot_6: autoDraw = False
25.6158 	EXP 	dot_7: autoDraw = True
26.6162 	EXP 	dot_7: autoDraw = False
26.6162 	EXP 	dot_8: autoDraw = True
27.6157 	EXP 	dot_8: autoDraw = False
27.6157 	EXP 	dot_9: autoDraw = True
28.6159 	EXP 	dot_9: autoDraw = False
28.6159 	EXP 	dot_10: autoDraw = True
29.6006 	EXP 	New trial (rep=1, index=0): <Trial 1 (0 in rep 1) data={'thisN': 1, 'thisTrialN': 0, 'thisRepN': 1}>
29.6160 	EXP 	dot_10: autoDraw = False
29.6160 	EXP 	dot_1: autoDraw = False
29.6160 	EXP 	dot_2: autoDraw = False
29.6160 	EXP 	dot_3: autoDraw = False
29.6160 	EXP 	dot_4: autoDraw = False
29.6160 	EXP 	dot_5: autoDraw = False
29.6160 	EXP 	dot_6: autoDraw = False
29.6160 	EXP 	dot_7: autoDraw = False
29.6160 	EXP 	dot_8: autoDraw = False
29.6160 	EXP 	dot_9: autoDraw = False
29.6160 	EXP 	dot_10: autoDraw = False
29.6160 	EXP 	dot_2: borderColor = <psychopy.colors.Color: (0.0, 1.0, 0.0, 1.0)>
29.6160 	EXP 	dot_1: autoDraw = True
30.6159 	EXP 	dot_1: autoDraw = False
30.6159 	EXP 	dot_2: autoDraw = True
31.6159 	EXP 	dot_2: autoDraw = False
31.6159 	EXP 	dot_3: autoDraw = True
32.6160 	EXP 	dot_3: autoDraw = False
32.6160 	EXP 	dot_4: autoDraw = True
33.6162 	EXP 	dot_4: autoDraw = False
33.6162 	EXP 	dot_5: autoDraw = True
34.6161 	EXP 	dot_5: autoDraw = False
34.6161 	EXP 	dot_6: autoDraw = True
35.6157 	EXP 	dot_6: autoDraw = False
35.6157 	EXP 	dot_7: autoDraw = True
36.6157 	EXP 	dot_7: autoDraw = False
36.6157 	EXP 	dot_8: autoDraw = True
37.6160 	EXP 	dot_8: autoDraw = False
37.6160 	EXP 	dot_9: autoDraw = True
38.6157 	EXP 	dot_9: autoDraw = False
38.6157 	EXP 	dot_10: autoDraw = True
39.6008 	EXP 	New trial (rep=2, index=0): <Trial 2 (0 in rep 2) data={'thisN': 2, 'thisTrialN': 0, 'thisRepN': 2}>
39.6160 	EXP 	dot_10: autoDraw = False
39.6160 	EXP 	dot_1: autoDraw = False
39.6160 	EXP 	dot_2: autoDraw = False
39.6160 	EXP 	dot_3: autoDraw = False
39.6160 	EXP 	dot_4: autoDraw = False
39.6160 	EXP 	dot_5: autoDraw = False
39.6160 	EXP 	dot_6: autoDraw = False
39.6160 	EXP 	dot_7: autoDraw = False
39.6160 	EXP 	dot_8: autoDraw = False
39.6160 	EXP 	dot_9: autoDraw = False
39.6160 	EXP 	dot_10: autoDraw = False
39.6160 	EXP 	dot_2: borderColor = <psychopy.colors.Color: (0.0, 1.0, 0.0, 1.0)>
39.6160 	EXP 	dot_1: autoDraw = True
40.6160 	EXP 	dot_1: autoDraw = False
40.6160 	EXP 	dot_2: autoDraw = True
41.6164 	EXP 	dot_2: autoDraw = False
41.6164 	EXP 	dot_3: autoDraw = True
42.6161 	EXP 	dot_3: autoDraw = False
42.6161 	EXP 	dot_4: autoDraw = True
43.6159 	EXP 	dot_4: autoDraw = False
43.6159 	EXP 	dot_5: autoDraw = True
44.6157 	EXP 	dot_5: autoDraw = False
44.6157 	EXP 	dot_6: autoDraw = True
45.6160 	EXP 	dot_6: autoDraw = False
45.6160 	EXP 	dot_7: autoDraw = True
46.6158 	EXP 	dot_7: autoDraw = False
46.6158 	EXP 	dot_8: autoDraw = True
47.6158 	EXP 	dot_8: autoDraw = False
47.6158 	EXP 	dot_9: autoDraw = True
48.6158 	EXP 	dot_9: autoDraw = False
48.6158 	EXP 	dot_10: autoDraw = True
49.6021 	EXP 	New trial (rep=3, index=0): <Trial 3 (0 in rep 3) data={'thisN': 3, 'thisTrialN': 0, 'thisRepN': 3}>
49.6159 	EXP 	dot_10: autoDraw = False
49.6159 	EXP 	dot_1: autoDraw = False
49.6159 	EXP 	dot_2: autoDraw = False
49.6159 	EXP 	dot_3: autoDraw = False
49.6159 	EXP 	dot_4: autoDraw = False
49.6159 	EXP 	dot_5: autoDraw = False
49.6159 	EXP 	dot_6: autoDraw = False
49.6159 	EXP 	dot_7: autoDraw = False
49.6159 	EXP 	dot_8: autoDraw = False
49.6159 	EXP 	dot_9: autoDraw = False
49.6159 	EXP 	dot_10: autoDraw = False
49.6159 	EXP 	dot_2: borderColor = <psychopy.colors.Color: (0.0, 1.0, 0.0, 1.0)>
49.6159 	EXP 	dot_1: autoDraw = True
50.6158 	EXP 	dot_1: autoDraw = False
50.6158 	EXP 	dot_2: autoDraw = True
51.6162 	EXP 	dot_2: autoDraw = False
51.6162 	EXP 	dot_3: autoDraw = True
52.6157 	EXP 	dot_3: autoDraw = False
52.6157 	EXP 	dot_4: autoDraw = True
53.6160 	EXP 	dot_4: autoDraw = False
53.6160 	EXP 	dot_5: autoDraw = True
54.6158 	EXP 	dot_5: autoDraw = False
54.6158 	EXP 	dot_6: autoDraw = True
55.6159 	EXP 	dot_6: autoDraw = False
55.6159 	EXP 	dot_7: autoDraw = True
56.6162 	EXP 	dot_7: autoDraw = False
56.6162 	EXP 	dot_8: autoDraw = True
57.6158 	EXP 	dot_8: autoDraw = False
57.6158 	EXP 	dot_9: autoDraw = True
58.6160 	EXP 	dot_9: autoDraw = False
58.6160 	EXP 	dot_10: autoDraw = True
59.6007 	EXP 	New trial (rep=4, index=0): <Trial 4 (0 in rep 4) data={'thisN': 4, 'thisTrialN': 0, 'thisRepN': 4}>
59.6160 	EXP 	dot_10: autoDraw = False
59.6160 	EXP 	dot_1: autoDraw = False
59.6160 	EXP 	dot_2: autoDraw = False
59.6160 	EXP 	dot_3: autoDraw = False
59.6160 	EXP 	dot_4: autoDraw = False
59.6160 	EXP 	dot_5: autoDraw = False
59.6160 	EXP 	dot_6: autoDraw = False
59.6160 	EXP 	dot_7: autoDraw = False
59.6160 	EXP 	dot_8: autoDraw = False
59.6160 	EXP 	dot_9: autoDraw = False
59.6160 	EXP 	dot_10: autoDraw = False
59.6160 	EXP 	dot_2: borderColor = <psychopy.colors.Color: (0.0, 1.0, 0.0, 1.0)>
59.6160 	EXP 	dot_1: autoDraw = True
60.6159 	EXP 	dot_1: autoDraw = False
60.6159 	EXP 	dot_2: autoDraw = True
61.6159 	EXP 	dot_2: autoDraw = False
61.6159 	EXP 	dot_3: autoDraw = True
62.6162 	EXP 	dot_3: autoDraw = False
62.6162 	EXP 	dot_4: autoDraw = True
63.6158 	EXP 	dot_4: autoDraw = False
63.6158 	EXP 	dot_5: autoDraw = True
64.6159 	EXP 	dot_5: autoDraw = False
64.6159 	EXP 	dot_6: autoDraw = True
65.6161 	EXP 	dot_6: autoDraw = False
65.6161 	EXP 	dot_7: autoDraw = True
66.6161 	EXP 	dot_7: autoDraw = False
66.6161 	EXP 	dot_8: autoDraw = True
67.6157 	EXP 	dot_8: autoDraw = False
67.6157 	EXP 	dot_9: autoDraw = True
68.6164 	EXP 	dot_9: autoDraw = False
68.6164 	EXP 	dot_10: autoDraw = True
69.6007 	EXP 	New trial (rep=5, index=0): <Trial 5 (0 in rep 5) data={'thisN': 5, 'thisTrialN': 0, 'thisRepN': 5}>
69.6160 	EXP 	dot_10: autoDraw = False
69.6160 	EXP 	dot_1: autoDraw = False
69.6160 	EXP 	dot_2: autoDraw = False
69.6160 	EXP 	dot_3: autoDraw = False
69.6160 	EXP 	dot_4: autoDraw = False
69.6160 	EXP 	dot_5: autoDraw = False
69.6160 	EXP 	dot_6: autoDraw = False
69.6160 	EXP 	dot_7: autoDraw = False
69.6160 	EXP 	dot_8: autoDraw = False
69.6160 	EXP 	dot_9: autoDraw = False
69.6160 	EXP 	dot_10: autoDraw = False
69.6160 	EXP 	dot_2: borderColor = <psychopy.colors.Color: (0.0, 1.0, 0.0, 1.0)>
69.6160 	EXP 	dot_1: autoDraw = True
70.6159 	EXP 	dot_1: autoDraw = False
70.6159 	EXP 	dot_2: autoDraw = True
71.6163 	EXP 	dot_2: autoDraw = False
71.6163 	EXP 	dot_3: autoDraw = True
72.6157 	EXP 	dot_3: autoDraw = False
72.6157 	EXP 	dot_4: autoDraw = True
73.6162 	EXP 	dot_4: autoDraw = False
73.6162 	EXP 	dot_5: autoDraw = True
74.6159 	EXP 	dot_5: autoDraw = False
74.6159 	EXP 	dot_6: autoDraw = True
75.6156 	EXP 	dot_6: autoDraw = False
75.6156 	EXP 	dot_7: autoDraw = True
76.6158 	EXP 	dot_7: autoDraw = False
76.6158 	EXP 	dot_8: autoDraw = True
77.6159 	EXP 	dot_8: autoDraw = False
77.6159 	EXP 	dot_9: autoDraw = True
78.6159 	EXP 	dot_9: autoDraw = False
78.6159 	EXP 	dot_10: autoDraw = True
79.5994 	EXP 	New trial (rep=6, index=0): <Trial 6 (0 in rep 6) data={'thisN': 6, 'thisTrialN': 0, 'thisRepN': 6}>
79.6156 	EXP 	dot_10: autoDraw = False
79.6156 	EXP 	dot_1: autoDraw = False
79.6156 	EXP 	dot_2: autoDraw = False
79.6156 	EXP 	dot_3: autoDraw = False
79.6156 	EXP 	dot_4: autoDraw = False
79.6156 	EXP 	dot_5: autoDraw = False
79.6156 	EXP 	dot_6: autoDraw = False
79.6156 	EXP 	dot_7: autoDraw = False
79.6156 	EXP 	dot_8: autoDraw = False
79.6156 	EXP 	dot_9: autoDraw = False
79.6156 	EXP 	dot_10: autoDraw = False
79.6156 	EXP 	dot_2: borderColor = <psychopy.colors.Color: (0.0, 1.0, 0.0, 1.0)>
79.6156 	EXP 	dot_1: autoDraw = True
80.6162 	EXP 	dot_1: autoDraw = False
80.6162 	EXP 	dot_2: autoDraw = True
81.6159 	EXP 	dot_2: autoDraw = False
81.6159 	EXP 	dot_3: autoDraw = True
82.6159 	EXP 	dot_3: autoDraw = False
82.6159 	EXP 	dot_4: autoDraw = True
83.6160 	EXP 	dot_4: autoDraw = False
83.6160 	EXP 	dot_5: autoDraw = True
84.6161 	EXP 	dot_5: autoDraw = False
84.6161 	EXP 	dot_6: autoDraw = True
85.6157 	EXP 	dot_6: autoDraw = False
85.6157 	EXP 	dot_7: autoDraw = True
86.6158 	EXP 	dot_7: autoDraw = False
86.6158 	EXP 	dot_8: autoDraw = True
87.6162 	EXP 	dot_8: autoDraw = False
87.6162 	EXP 	dot_9: autoDraw = True
88.6157 	EXP 	dot_9: autoDraw = False
88.6157 	EXP 	dot_10: autoDraw = True
89.6005 	EXP 	New trial (rep=7, index=0): <Trial 7 (0 in rep 7) data={'thisN': 7, 'thisTrialN': 0, 'thisRepN': 7}>
89.6160 	EXP 	dot_10: autoDraw = False
89.6160 	EXP 	dot_1: autoDraw = False
89.6160 	EXP 	dot_2: autoDraw = False
89.6160 	EXP 	dot_3: autoDraw = False
89.6160 	EXP 	dot_4: autoDraw = False
89.6160 	EXP 	dot_5: autoDraw = False
89.6160 	EXP 	dot_6: autoDraw = False
89.6160 	EXP 	dot_7: autoDraw = False
89.6160 	EXP 	dot_8: autoDraw = False
89.6160 	EXP 	dot_9: autoDraw = False
89.6160 	EXP 	dot_10: autoDraw = False
89.6160 	EXP 	dot_2: borderColor = <psychopy.colors.Color: (0.0, 1.0, 0.0, 1.0)>
89.6160 	EXP 	dot_1: autoDraw = True
90.6156 	EXP 	dot_1: autoDraw = False
90.6156 	EXP 	dot_2: autoDraw = True
91.6159 	EXP 	dot_2: autoDraw = False
91.6159 	EXP 	dot_3: autoDraw = True
92.6159 	EXP 	dot_3: autoDraw = False
92.6159 	EXP 	dot_4: autoDraw = True
93.6158 	EXP 	dot_4: autoDraw = False
93.6158 	EXP 	dot_5: autoDraw = True
94.6156 	EXP 	dot_5: autoDraw = False
94.6156 	EXP 	dot_6: autoDraw = True
95.6161 	EXP 	dot_6: autoDraw = False
95.6161 	EXP 	dot_7: autoDraw = True
96.6157 	EXP 	dot_7: autoDraw = False
96.6157 	EXP 	dot_8: autoDraw = True
97.6158 	EXP 	dot_8: autoDraw = False
97.6158 	EXP 	dot_9: autoDraw = True
98.6159 	EXP 	dot_9: autoDraw = False
98.6159 	EXP 	dot_10: autoDraw = True
99.6006 	EXP 	New trial (rep=8, index=0): <Trial 8 (0 in rep 8) data={'thisN': 8, 'thisTrialN': 0, 'thisRepN': 8}>
99.6160 	EXP 	dot_10: autoDraw = False
99.6160 	EXP 	dot_1: autoDraw = False
99.6160 	EXP 	dot_2: autoDraw = False
99.6160 	EXP 	dot_3: autoDraw = False
99.6160 	EXP 	dot_4: autoDraw = False
99.6160 	EXP 	dot_5: autoDraw = False
99.6160 	EXP 	dot_6: autoDraw = False
99.6160 	EXP 	dot_7: autoDraw = False
99.6160 	EXP 	dot_8: autoDraw = False
99.6160 	EXP 	dot_9: autoDraw = False
99.6160 	EXP 	dot_10: autoDraw = False
99.6160 	EXP 	dot_2: borderColor = <psychopy.colors.Color: (0.0, 1.0, 0.0, 1.0)>
99.6160 	EXP 	dot_1: autoDraw = True
100.6158 	EXP 	dot_1: autoDraw = False
100.6158 	EXP 	dot_2: autoDraw = True
101.6157 	EXP 	dot_2: autoDraw = False
101.6157 	EXP 	dot_3: autoDraw = True
102.6158 	EXP 	dot_3: autoDraw = False
102.6158 	EXP 	dot_4: autoDraw = True
103.6159 	EXP 	dot_4: autoDraw = False
103.6159 	EXP 	dot_5: autoDraw = True
104.6160 	EXP 	dot_5: autoDraw = False
104.6160 	EXP 	dot_6: autoDraw = True
105.6157 	EXP 	dot_6: autoDraw = False
105.6157 	EXP 	dot_7: autoDraw = True
106.6157 	EXP 	dot_7: autoDraw = False
106.6157 	EXP 	dot_8: autoDraw = True
107.6158 	EXP 	dot_8: autoDraw = False
107.6158 	EXP 	dot_9: autoDraw = True
108.6160 	EXP 	dot_9: autoDraw = False
108.6160 	EXP 	dot_10: autoDraw = True
109.6001 	EXP 	New trial (rep=9, index=0): <Trial 9 (0 in rep 9) data={'thisN': 9, 'thisTrialN': 0, 'thisRepN': 9}>
109.6155 	EXP 	dot_10: autoDraw = False
109.6155 	EXP 	dot_1: autoDraw = False
109.6155 	EXP 	dot_2: autoDraw = False
109.6155 	EXP 	dot_3: autoDraw = False
109.6155 	EXP 	dot_4: autoDraw = False
109.6155 	EXP 	dot_5: autoDraw = False
109.6155 	EXP 	dot_6: autoDraw = False
109.6155 	EXP 	dot_7: autoDraw = False
109.6155 	EXP 	dot_8: autoDraw = False
109.6155 	EXP 	dot_9: autoDraw = False
109.6155 	EXP 	dot_10: autoDraw = False
109.6155 	EXP 	dot_2: borderColor = <psychopy.colors.Color: (0.0, 1.0, 0.0, 1.0)>
109.6155 	EXP 	dot_1: autoDraw = True
110.6160 	EXP 	dot_1: autoDraw = False
110.6160 	EXP 	dot_2: autoDraw = True
111.6160 	EXP 	dot_2: autoDraw = False
111.6160 	EXP 	dot_3: autoDraw = True
112.6156 	EXP 	dot_3: autoDraw = False
112.6156 	EXP 	dot_4: autoDraw = True
113.6161 	EXP 	dot_4: autoDraw = False
113.6161 	EXP 	dot_5: autoDraw = True
114.6160 	EXP 	dot_5: autoDraw = False
114.6160 	EXP 	dot_6: autoDraw = True
115.6159 	EXP 	dot_6: autoDraw = False
115.6159 	EXP 	dot_7: autoDraw = True
116.6158 	EXP 	dot_7: autoDraw = False
116.6158 	EXP 	dot_8: autoDraw = True
117.6159 	EXP 	dot_8: autoDraw = False
117.6159 	EXP 	dot_9: autoDraw = True
118.6159 	EXP 	dot_9: autoDraw = False
118.6159 	EXP 	dot_10: autoDraw = True
119.6006 	EXP 	New trial (rep=10, index=0): <Trial 10 (0 in rep 10) data={'thisN': 10, 'thisTrialN': 0, 'thisRepN': 10}>
119.6159 	EXP 	dot_10: autoDraw = False
119.6159 	EXP 	dot_1: autoDraw = False
119.6159 	EXP 	dot_2: autoDraw = False
119.6159 	EXP 	dot_3: autoDraw = False
119.6159 	EXP 	dot_4: autoDraw = False
119.6159 	EXP 	dot_5: autoDraw = False
119.6159 	EXP 	dot_6: autoDraw = False
119.6159 	EXP 	dot_7: autoDraw = False
119.6159 	EXP 	dot_8: autoDraw = False
119.6159 	EXP 	dot_9: autoDraw = False
119.6159 	EXP 	dot_10: autoDraw = False
119.6159 	EXP 	dot_2: borderColor = <psychopy.colors.Color: (0.0, 1.0, 0.0, 1.0)>
119.6159 	EXP 	dot_1: autoDraw = True
120.6159 	EXP 	dot_1: autoDraw = False
120.6159 	EXP 	dot_2: autoDraw = True
121.6157 	EXP 	dot_2: autoDraw = False
121.6157 	EXP 	dot_3: autoDraw = True
122.6156 	EXP 	dot_3: autoDraw = False
122.6156 	EXP 	dot_4: autoDraw = True
123.6161 	EXP 	dot_4: autoDraw = False
123.6161 	EXP 	dot_5: autoDraw = True
124.6162 	EXP 	dot_5: autoDraw = False
124.6162 	EXP 	dot_6: autoDraw = True
125.6159 	EXP 	dot_6: autoDraw = False
125.6159 	EXP 	dot_7: autoDraw = True
126.6159 	EXP 	dot_7: autoDraw = False
126.6159 	EXP 	dot_8: autoDraw = True
127.6159 	EXP 	dot_8: autoDraw = False
127.6159 	EXP 	dot_9: autoDraw = True
128.6159 	EXP 	dot_9: autoDraw = False
128.6159 	EXP 	dot_10: autoDraw = True
129.6005 	EXP 	New trial (rep=11, index=0): <Trial 11 (0 in rep 11) data={'thisN': 11, 'thisTrialN': 0, 'thisRepN': 11}>
129.6160 	EXP 	dot_10: autoDraw = False
129.6160 	EXP 	dot_1: autoDraw = False
129.6160 	EXP 	dot_2: autoDraw = False
129.6160 	EXP 	dot_3: autoDraw = False
129.6160 	EXP 	dot_4: autoDraw = False
129.6160 	EXP 	dot_5: autoDraw = False
129.6160 	EXP 	dot_6: autoDraw = False
129.6160 	EXP 	dot_7: autoDraw = False
129.6160 	EXP 	dot_8: autoDraw = False
129.6160 	EXP 	dot_9: autoDraw = False
129.6160 	EXP 	dot_10: autoDraw = False
129.6160 	EXP 	dot_2: borderColor = <psychopy.colors.Color: (0.0, 1.0, 0.0, 1.0)>
129.6160 	EXP 	dot_1: autoDraw = True
130.6157 	EXP 	dot_1: autoDraw = False
130.6157 	EXP 	dot_2: autoDraw = True
131.6159 	EXP 	dot_2: autoDraw = False
131.6159 	EXP 	dot_3: autoDraw = True
132.6159 	EXP 	dot_3: autoDraw = False
132.6159 	EXP 	dot_4: autoDraw = True
133.6156 	EXP 	dot_4: autoDraw = False
133.6156 	EXP 	dot_5: autoDraw = True
134.6160 	EXP 	dot_5: autoDraw = False
134.6160 	EXP 	dot_6: autoDraw = True
135.6156 	EXP 	dot_6: autoDraw = False
135.6156 	EXP 	dot_7: autoDraw = True
136.6163 	EXP 	dot_7: autoDraw = False
136.6163 	EXP 	dot_8: autoDraw = True
137.6158 	EXP 	dot_8: autoDraw = False
137.6158 	EXP 	dot_9: autoDraw = True
138.6158 	EXP 	dot_9: autoDraw = False
138.6158 	EXP 	dot_10: autoDraw = True
139.6002 	EXP 	New trial (rep=12, index=0): <Trial 12 (0 in rep 12) data={'thisN': 12, 'thisTrialN': 0, 'thisRepN': 12}>
139.6156 	EXP 	dot_10: autoDraw = False
139.6156 	EXP 	dot_1: autoDraw = False
139.6156 	EXP 	dot_2: autoDraw = False
139.6156 	EXP 	dot_3: autoDraw = False
139.6156 	EXP 	dot_4: autoDraw = False
139.6156 	EXP 	dot_5: autoDraw = False
139.6156 	EXP 	dot_6: autoDraw = False
139.6156 	EXP 	dot_7: autoDraw = False
139.6156 	EXP 	dot_8: autoDraw = False
139.6156 	EXP 	dot_9: autoDraw = False
139.6156 	EXP 	dot_10: autoDraw = False
139.6156 	EXP 	dot_2: borderColor = <psychopy.colors.Color: (0.0, 1.0, 0.0, 1.0)>
139.6156 	EXP 	dot_1: autoDraw = True
140.6160 	EXP 	dot_1: autoDraw = False
140.6160 	EXP 	dot_2: autoDraw = True
141.6159 	EXP 	dot_2: autoDraw = False
141.6159 	EXP 	dot_3: autoDraw = True
142.6160 	EXP 	dot_3: autoDraw = False
142.6160 	EXP 	dot_4: autoDraw = True
143.6156 	EXP 	dot_4: autoDraw = False
143.6156 	EXP 	dot_5: autoDraw = True
144.6162 	EXP 	dot_5: autoDraw = False
144.6162 	EXP 	dot_6: autoDraw = True
145.6159 	EXP 	dot_6: autoDraw = False
145.6159 	EXP 	dot_7: autoDraw = True
146.6157 	EXP 	dot_7: autoDraw = False
146.6157 	EXP 	dot_8: autoDraw = True
147.6160 	EXP 	dot_8: autoDraw = False
147.6160 	EXP 	dot_9: autoDraw = True
148.6158 	EXP 	dot_9: autoDraw = False
148.6158 	EXP 	dot_10: autoDraw = True
149.6007 	EXP 	New trial (rep=13, index=0): <Trial 13 (0 in rep 13) data={'thisN': 13, 'thisTrialN': 0, 'thisRepN': 13}>
149.6157 	EXP 	dot_10: autoDraw = False
149.6157 	EXP 	dot_1: autoDraw = False
149.6157 	EXP 	dot_2: autoDraw = False
149.6157 	EXP 	dot_3: autoDraw = False
149.6157 	EXP 	dot_4: autoDraw = False
149.6157 	EXP 	dot_5: autoDraw = False
149.6157 	EXP 	dot_6: autoDraw = False
149.6157 	EXP 	dot_7: autoDraw = False
149.6157 	EXP 	dot_8: autoDraw = False
149.6157 	EXP 	dot_9: autoDraw = False
149.6157 	EXP 	dot_10: autoDraw = False
149.6157 	EXP 	dot_2: borderColor = <psychopy.colors.Color: (0.0, 1.0, 0.0, 1.0)>
149.6157 	EXP 	dot_1: autoDraw = True
150.6157 	EXP 	dot_1: autoDraw = False
150.6157 	EXP 	dot_2: autoDraw = True
151.6164 	EXP 	dot_2: autoDraw = False
151.6164 	EXP 	dot_3: autoDraw = True
152.6158 	EXP 	dot_3: autoDraw = False
152.6158 	EXP 	dot_4: autoDraw = True
153.6158 	EXP 	dot_4: autoDraw = False
153.6158 	EXP 	dot_5: autoDraw = True
154.6162 	EXP 	dot_5: autoDraw = False
154.6162 	EXP 	dot_6: autoDraw = True
155.6159 	EXP 	dot_6: autoDraw = False
155.6159 	EXP 	dot_7: autoDraw = True
156.6157 	EXP 	dot_7: autoDraw = False
156.6157 	EXP 	dot_8: autoDraw = True
157.6158 	EXP 	dot_8: autoDraw = False
157.6158 	EXP 	dot_9: autoDraw = True
158.6160 	EXP 	dot_9: autoDraw = False
158.6160 	EXP 	dot_10: autoDraw = True
159.6004 	EXP 	New trial (rep=14, index=0): <Trial 14 (0 in rep 14) data={'thisN': 14, 'thisTrialN': 0, 'thisRepN': 14}>
159.6158 	EXP 	dot_10: autoDraw = False
159.6158 	EXP 	dot_1: autoDraw = False
159.6158 	EXP 	dot_2: autoDraw = False
159.6158 	EXP 	dot_3: autoDraw = False
159.6158 	EXP 	dot_4: autoDraw = False
159.6158 	EXP 	dot_5: autoDraw = False
159.6158 	EXP 	dot_6: autoDraw = False
159.6158 	EXP 	dot_7: autoDraw = False
159.6158 	EXP 	dot_8: autoDraw = False
159.6158 	EXP 	dot_9: autoDraw = False
159.6158 	EXP 	dot_10: autoDraw = False
159.6158 	EXP 	dot_2: borderColor = <psychopy.colors.Color: (0.0, 1.0, 0.0, 1.0)>
159.6158 	EXP 	dot_1: autoDraw = True
160.6157 	EXP 	dot_1: autoDraw = False
160.6157 	EXP 	dot_2: autoDraw = True
161.6158 	EXP 	dot_2: autoDraw = False
161.6158 	EXP 	dot_3: autoDraw = True
162.6160 	EXP 	dot_3: autoDraw = False
162.6160 	EXP 	dot_4: autoDraw = True
163.6164 	EXP 	dot_4: autoDraw = False
163.6164 	EXP 	dot_5: autoDraw = True
164.6162 	EXP 	dot_5: autoDraw = False
164.6162 	EXP 	dot_6: autoDraw = True
165.6157 	EXP 	dot_6: autoDraw = False
165.6157 	EXP 	dot_7: autoDraw = True
166.6162 	EXP 	dot_7: autoDraw = False
166.6162 	EXP 	dot_8: autoDraw = True
167.6159 	EXP 	dot_8: autoDraw = False
167.6159 	EXP 	dot_9: autoDraw = True
168.6156 	EXP 	dot_9: autoDraw = False
168.6156 	EXP 	dot_10: autoDraw = True
169.6000 	EXP 	New trial (rep=15, index=0): <Trial 15 (0 in rep 15) data={'thisN': 15, 'thisTrialN': 0, 'thisRepN': 15}>
169.6157 	EXP 	dot_10: autoDraw = False
169.6157 	EXP 	dot_1: autoDraw = False
169.6157 	EXP 	dot_2: autoDraw = False
169.6157 	EXP 	dot_3: autoDraw = False
169.6157 	EXP 	dot_4: autoDraw = False
169.6157 	EXP 	dot_5: autoDraw = False
169.6157 	EXP 	dot_6: autoDraw = False
169.6157 	EXP 	dot_7: autoDraw = False
169.6157 	EXP 	dot_8: autoDraw = False
169.6157 	EXP 	dot_9: autoDraw = False
169.6157 	EXP 	dot_10: autoDraw = False
169.6157 	EXP 	dot_2: borderColor = <psychopy.colors.Color: (0.0, 1.0, 0.0, 1.0)>
169.6157 	EXP 	dot_1: autoDraw = True
170.6156 	EXP 	dot_1: autoDraw = False
170.6156 	EXP 	dot_2: autoDraw = True
171.6156 	EXP 	dot_2: autoDraw = False
171.6156 	EXP 	dot_3: autoDraw = True
172.6155 	EXP 	dot_3: autoDraw = False
172.6155 	EXP 	dot_4: autoDraw = True
173.6158 	EXP 	dot_4: autoDraw = False
173.6158 	EXP 	dot_5: autoDraw = True
174.6158 	EXP 	dot_5: autoDraw = False
174.6158 	EXP 	dot_6: autoDraw = True
175.6156 	EXP 	dot_6: autoDraw = False
175.6156 	EXP 	dot_7: autoDraw = True
176.6156 	EXP 	dot_7: autoDraw = False
176.6156 	EXP 	dot_8: autoDraw = True
177.6158 	EXP 	dot_8: autoDraw = False
177.6158 	EXP 	dot_9: autoDraw = True
178.6159 	EXP 	dot_9: autoDraw = False
178.6159 	EXP 	dot_10: autoDraw = True
179.5997 	EXP 	New trial (rep=16, index=0): <Trial 16 (0 in rep 16) data={'thisN': 16, 'thisTrialN': 0, 'thisRepN': 16}>
179.6155 	EXP 	dot_10: autoDraw = False
179.6155 	EXP 	dot_1: autoDraw = False
179.6155 	EXP 	dot_2: autoDraw = False
179.6155 	EXP 	dot_3: autoDraw = False
179.6155 	EXP 	dot_4: autoDraw = False
179.6155 	EXP 	dot_5: autoDraw = False
179.6155 	EXP 	dot_6: autoDraw = False
179.6155 	EXP 	dot_7: autoDraw = False
179.6155 	EXP 	dot_8: autoDraw = False
179.6155 	EXP 	dot_9: autoDraw = False
179.6155 	EXP 	dot_10: autoDraw = False
179.6155 	EXP 	dot_2: borderColor = <psychopy.colors.Color: (0.0, 1.0, 0.0, 1.0)>
179.6155 	EXP 	dot_1: autoDraw = True
180.6154 	EXP 	dot_1: autoDraw = False
180.6154 	EXP 	dot_2: autoDraw = True
181.6157 	EXP 	dot_2: autoDraw = False
181.6157 	EXP 	dot_3: autoDraw = True
182.6163 	EXP 	dot_3: autoDraw = False
182.6163 	EXP 	dot_4: autoDraw = True
183.6156 	EXP 	dot_4: autoDraw = False
183.6156 	EXP 	dot_5: autoDraw = True
184.6158 	EXP 	dot_5: autoDraw = False
184.6158 	EXP 	dot_6: autoDraw = True
185.6158 	EXP 	dot_6: autoDraw = False
185.6158 	EXP 	dot_7: autoDraw = True
186.6161 	EXP 	dot_7: autoDraw = False
186.6161 	EXP 	dot_8: autoDraw = True
187.6157 	EXP 	dot_8: autoDraw = False
187.6157 	EXP 	dot_9: autoDraw = True
188.6158 	EXP 	dot_9: autoDraw = False
188.6158 	EXP 	dot_10: autoDraw = True
189.6003 	EXP 	New trial (rep=17, index=0): <Trial 17 (0 in rep 17) data={'thisN': 17, 'thisTrialN': 0, 'thisRepN': 17}>
189.6159 	EXP 	dot_10: autoDraw = False
189.6159 	EXP 	dot_1: autoDraw = False
189.6159 	EXP 	dot_2: autoDraw = False
189.6159 	EXP 	dot_3: autoDraw = False
189.6159 	EXP 	dot_4: autoDraw = False
189.6159 	EXP 	dot_5: autoDraw = False
189.6159 	EXP 	dot_6: autoDraw = False
189.6159 	EXP 	dot_7: autoDraw = False
189.6159 	EXP 	dot_8: autoDraw = False
189.6159 	EXP 	dot_9: autoDraw = False
189.6159 	EXP 	dot_10: autoDraw = False
189.6159 	EXP 	dot_2: borderColor = <psychopy.colors.Color: (0.0, 1.0, 0.0, 1.0)>
189.6159 	EXP 	dot_1: autoDraw = True
190.6159 	EXP 	dot_1: autoDraw = False
190.6159 	EXP 	dot_2: autoDraw = True
191.6156 	EXP 	dot_2: autoDraw = False
191.6156 	EXP 	dot_3: autoDraw = True
192.6159 	EXP 	dot_3: autoDraw = False
192.6159 	EXP 	dot_4: autoDraw = True
193.6160 	EXP 	dot_4: autoDraw = False
193.6160 	EXP 	dot_5: autoDraw = True
194.6158 	EXP 	dot_5: autoDraw = False
194.6158 	EXP 	dot_6: autoDraw = True
195.6156 	EXP 	dot_6: autoDraw = False
195.6156 	EXP 	dot_7: autoDraw = True
196.6160 	EXP 	dot_7: autoDraw = False
196.6160 	EXP 	dot_8: autoDraw = True
197.6157 	EXP 	dot_8: autoDraw = False
197.6157 	EXP 	dot_9: autoDraw = True
198.6159 	EXP 	dot_9: autoDraw = False
198.6159 	EXP 	dot_10: autoDraw = True
199.6010 	EXP 	New trial (rep=18, index=0): <Trial 18 (0 in rep 18) data={'thisN': 18, 'thisTrialN': 0, 'thisRepN': 18}>
199.6156 	EXP 	dot_10: autoDraw = False
199.6156 	EXP 	dot_1: autoDraw = False
199.6156 	EXP 	dot_2: autoDraw = False
199.6156 	EXP 	dot_3: autoDraw = False
199.6156 	EXP 	dot_4: autoDraw = False
199.6156 	EXP 	dot_5: autoDraw = False
199.6156 	EXP 	dot_6: autoDraw = False
199.6156 	EXP 	dot_7: autoDraw = False
199.6156 	EXP 	dot_8: autoDraw = False
199.6156 	EXP 	dot_9: autoDraw = False
199.6156 	EXP 	dot_10: autoDraw = False
199.6156 	EXP 	dot_2: borderColor = <psychopy.colors.Color: (0.0, 1.0, 0.0, 1.0)>
199.6156 	EXP 	dot_1: autoDraw = True
200.6156 	EXP 	dot_1: autoDraw = False
200.6156 	EXP 	dot_2: autoDraw = True
201.6159 	EXP 	dot_2: autoDraw = False
201.6159 	EXP 	dot_3: autoDraw = True
202.6156 	EXP 	dot_3: autoDraw = False
202.6156 	EXP 	dot_4: autoDraw = True
203.6160 	EXP 	dot_4: autoDraw = False
203.6160 	EXP 	dot_5: autoDraw = True
204.6159 	EXP 	dot_5: autoDraw = False
204.6159 	EXP 	dot_6: autoDraw = True
205.6161 	EXP 	dot_6: autoDraw = False
205.6161 	EXP 	dot_7: autoDraw = True
206.6157 	EXP 	dot_7: autoDraw = False
206.6157 	EXP 	dot_8: autoDraw = True
207.6158 	EXP 	dot_8: autoDraw = False
207.6158 	EXP 	dot_9: autoDraw = True
208.6158 	EXP 	dot_9: autoDraw = False
208.6158 	EXP 	dot_10: autoDraw = True
209.6001 	EXP 	New trial (rep=19, index=0): <Trial 19 (0 in rep 19) data={'thisN': 19, 'thisTrialN': 0, 'thisRepN': 19}>
209.6157 	EXP 	dot_10: autoDraw = False
209.6157 	EXP 	dot_1: autoDraw = False
209.6157 	EXP 	dot_2: autoDraw = False
209.6157 	EXP 	dot_3: autoDraw = False
209.6157 	EXP 	dot_4: autoDraw = False
209.6157 	EXP 	dot_5: autoDraw = False
209.6157 	EXP 	dot_6: autoDraw = False
209.6157 	EXP 	dot_7: autoDraw = False
209.6157 	EXP 	dot_8: autoDraw = False
209.6157 	EXP 	dot_9: autoDraw = False
209.6157 	EXP 	dot_10: autoDraw = False
209.6157 	EXP 	dot_2: borderColor = <psychopy.colors.Color: (0.0, 1.0, 0.0, 1.0)>
209.6157 	EXP 	dot_1: autoDraw = True
210.6156 	EXP 	dot_1: autoDraw = False
210.6156 	EXP 	dot_2: autoDraw = True
211.6161 	EXP 	dot_2: autoDraw = False
211.6161 	EXP 	dot_3: autoDraw = True
212.6159 	EXP 	dot_3: autoDraw = False
212.6159 	EXP 	dot_4: autoDraw = True
213.6157 	EXP 	dot_4: autoDraw = False
213.6157 	EXP 	dot_5: autoDraw = True
214.6156 	EXP 	dot_5: autoDraw = False
214.6156 	EXP 	dot_6: autoDraw = True
215.6157 	EXP 	dot_6: autoDraw = False
215.6157 	EXP 	dot_7: autoDraw = True
216.6159 	EXP 	dot_7: autoDraw = False
216.6159 	EXP 	dot_8: autoDraw = True
217.6160 	EXP 	dot_8: autoDraw = False
217.6160 	EXP 	dot_9: autoDraw = True
218.6156 	EXP 	dot_9: autoDraw = False
218.6156 	EXP 	dot_10: autoDraw = True
219.5995 	EXP 	New trial (rep=20, index=0): <Trial 20 (0 in rep 20) data={'thisN': 20, 'thisTrialN': 0, 'thisRepN': 20}>
219.6155 	EXP 	dot_10: autoDraw = False
219.6155 	EXP 	dot_1: autoDraw = False
219.6155 	EXP 	dot_2: autoDraw = False
219.6155 	EXP 	dot_3: autoDraw = False
219.6155 	EXP 	dot_4: autoDraw = False
219.6155 	EXP 	dot_5: autoDraw = False
219.6155 	EXP 	dot_6: autoDraw = False
219.6155 	EXP 	dot_7: autoDraw = False
219.6155 	EXP 	dot_8: autoDraw = False
219.6155 	EXP 	dot_9: autoDraw = False
219.6155 	EXP 	dot_10: autoDraw = False
219.6155 	EXP 	dot_2: borderColor = <psychopy.colors.Color: (0.0, 1.0, 0.0, 1.0)>
219.6155 	EXP 	dot_1: autoDraw = True
220.6157 	EXP 	dot_1: autoDraw = False
220.6157 	EXP 	dot_2: autoDraw = True
221.6155 	EXP 	dot_2: autoDraw = False
221.6155 	EXP 	dot_3: autoDraw = True
222.6158 	EXP 	dot_3: autoDraw = False
222.6158 	EXP 	dot_4: autoDraw = True
223.6164 	EXP 	dot_4: autoDraw = False
223.6164 	EXP 	dot_5: autoDraw = True
224.6157 	EXP 	dot_5: autoDraw = False
224.6157 	EXP 	dot_6: autoDraw = True
225.6158 	EXP 	dot_6: autoDraw = False
225.6158 	EXP 	dot_7: autoDraw = True
226.6158 	EXP 	dot_7: autoDraw = False
226.6158 	EXP 	dot_8: autoDraw = True
227.6161 	EXP 	dot_8: autoDraw = False
227.6161 	EXP 	dot_9: autoDraw = True
228.6156 	EXP 	dot_9: autoDraw = False
228.6156 	EXP 	dot_10: autoDraw = True
229.6001 	EXP 	New trial (rep=21, index=0): <Trial 21 (0 in rep 21) data={'thisN': 21, 'thisTrialN': 0, 'thisRepN': 21}>
229.6158 	EXP 	dot_10: autoDraw = False
229.6158 	EXP 	dot_1: autoDraw = False
229.6158 	EXP 	dot_2: autoDraw = False
229.6158 	EXP 	dot_3: autoDraw = False
229.6158 	EXP 	dot_4: autoDraw = False
229.6158 	EXP 	dot_5: autoDraw = False
229.6158 	EXP 	dot_6: autoDraw = False
229.6158 	EXP 	dot_7: autoDraw = False
229.6158 	EXP 	dot_8: autoDraw = False
229.6158 	EXP 	dot_9: autoDraw = False
229.6158 	EXP 	dot_10: autoDraw = False
229.6158 	EXP 	dot_2: borderColor = <psychopy.colors.Color: (0.0, 1.0, 0.0, 1.0)>
229.6158 	EXP 	dot_1: autoDraw = True
230.6159 	EXP 	dot_1: autoDraw = False
230.6159 	EXP 	dot_2: autoDraw = True
231.6157 	EXP 	dot_2: autoDraw = False
231.6157 	EXP 	dot_3: autoDraw = True
232.6156 	EXP 	dot_3: autoDraw = False
232.6156 	EXP 	dot_4: autoDraw = True
233.6157 	EXP 	dot_4: autoDraw = False
233.6157 	EXP 	dot_5: autoDraw = True
234.6157 	EXP 	dot_5: autoDraw = False
234.6157 	EXP 	dot_6: autoDraw = True
235.6158 	EXP 	dot_6: autoDraw = False
235.6158 	EXP 	dot_7: autoDraw = True
236.6156 	EXP 	dot_7: autoDraw = False
236.6156 	EXP 	dot_8: autoDraw = True
237.6155 	EXP 	dot_8: autoDraw = False
237.6155 	EXP 	dot_9: autoDraw = True
238.6157 	EXP 	dot_9: autoDraw = False
238.6157 	EXP 	dot_10: autoDraw = True
239.5996 	EXP 	New trial (rep=22, index=0): <Trial 22 (0 in rep 22) data={'thisN': 22, 'thisTrialN': 0, 'thisRepN': 22}>
239.6156 	EXP 	dot_10: autoDraw = False
239.6156 	EXP 	dot_1: autoDraw = False
239.6156 	EXP 	dot_2: autoDraw = False
239.6156 	EXP 	dot_3: autoDraw = False
239.6156 	EXP 	dot_4: autoDraw = False
239.6156 	EXP 	dot_5: autoDraw = False
239.6156 	EXP 	dot_6: autoDraw = False
239.6156 	EXP 	dot_7: autoDraw = False
239.6156 	EXP 	dot_8: autoDraw = False
239.6156 	EXP 	dot_9: autoDraw = False
239.6156 	EXP 	dot_10: autoDraw = False
239.6156 	EXP 	dot_2: borderColor = <psychopy.colors.Color: (0.0, 1.0, 0.0, 1.0)>
239.6156 	EXP 	dot_1: autoDraw = True
240.6158 	EXP 	dot_1: autoDraw = False
240.6158 	EXP 	dot_2: autoDraw = True
241.6156 	EXP 	dot_2: autoDraw = False
241.6156 	EXP 	dot_3: autoDraw = True
242.6155 	EXP 	dot_3: autoDraw = False
242.6155 	EXP 	dot_4: autoDraw = True
243.6159 	EXP 	dot_4: autoDraw = False
243.6159 	EXP 	dot_5: autoDraw = True
244.6157 	EXP 	dot_5: autoDraw = False
244.6157 	EXP 	dot_6: autoDraw = True
245.6156 	EXP 	dot_6: autoDraw = False
245.6156 	EXP 	dot_7: autoDraw = True
246.6156 	EXP 	dot_7: autoDraw = False
246.6156 	EXP 	dot_8: autoDraw = True
247.6157 	EXP 	dot_8: autoDraw = False
247.6157 	EXP 	dot_9: autoDraw = True
248.6155 	EXP 	dot_9: autoDraw = False
248.6155 	EXP 	dot_10: autoDraw = True
249.6004 	EXP 	New trial (rep=23, index=0): <Trial 23 (0 in rep 23) data={'thisN': 23, 'thisTrialN': 0, 'thisRepN': 23}>
249.6156 	EXP 	dot_10: autoDraw = False
249.6156 	EXP 	dot_1: autoDraw = False
249.6156 	EXP 	dot_2: autoDraw = False
249.6156 	EXP 	dot_3: autoDraw = False
249.6156 	EXP 	dot_4: autoDraw = False
249.6156 	EXP 	dot_5: autoDraw = False
249.6156 	EXP 	dot_6: autoDraw = False
249.6156 	EXP 	dot_7: autoDraw = False
249.6156 	EXP 	dot_8: autoDraw = False
249.6156 	EXP 	dot_9: autoDraw = False
249.6156 	EXP 	dot_10: autoDraw = False
249.6156 	EXP 	dot_2: borderColor = <psychopy.colors.Color: (0.0, 1.0, 0.0, 1.0)>
249.6156 	EXP 	dot_1: autoDraw = True
250.6156 	EXP 	dot_1: autoDraw = False
250.6156 	EXP 	dot_2: autoDraw = True
251.6154 	EXP 	dot_2: autoDraw = False
251.6154 	EXP 	dot_3: autoDraw = True
252.6155 	EXP 	dot_3: autoDraw = False
252.6155 	EXP 	dot_4: autoDraw = True
253.6156 	EXP 	dot_4: autoDraw = False
253.6156 	EXP 	dot_5: autoDraw = True
254.6157 	EXP 	dot_5: autoDraw = False
254.6157 	EXP 	dot_6: autoDraw = True
255.6157 	EXP 	dot_6: autoDraw = False
255.6157 	EXP 	dot_7: autoDraw = True
256.6155 	EXP 	dot_7: autoDraw = False
256.6155 	EXP 	dot_8: autoDraw = True
257.6157 	EXP 	dot_8: autoDraw = False
257.6157 	EXP 	dot_9: autoDraw = True
258.6156 	EXP 	dot_9: autoDraw = False
258.6156 	EXP 	dot_10: autoDraw = True
259.6000 	EXP 	New trial (rep=24, index=0): <Trial 24 (0 in rep 24) data={'thisN': 24, 'thisTrialN': 0, 'thisRepN': 24}>
259.6157 	EXP 	dot_10: autoDraw = False
259.6157 	EXP 	dot_1: autoDraw = False
259.6157 	EXP 	dot_2: autoDraw = False
259.6157 	EXP 	dot_3: autoDraw = False
259.6157 	EXP 	dot_4: autoDraw = False
259.6157 	EXP 	dot_5: autoDraw = False
259.6157 	EXP 	dot_6: autoDraw = False
259.6157 	EXP 	dot_7: autoDraw = False
259.6157 	EXP 	dot_8: autoDraw = False
259.6157 	EXP 	dot_9: autoDraw = False
259.6157 	EXP 	dot_10: autoDraw = False
259.6157 	EXP 	dot_2: borderColor = <psychopy.colors.Color: (0.0, 1.0, 0.0, 1.0)>
259.6157 	EXP 	dot_1: autoDraw = True
260.6157 	EXP 	dot_1: autoDraw = False
260.6157 	EXP 	dot_2: autoDraw = True
261.6154 	EXP 	dot_2: autoDraw = False
261.6154 	EXP 	dot_3: autoDraw = True
262.6158 	EXP 	dot_3: autoDraw = False
262.6158 	EXP 	dot_4: autoDraw = True
263.6158 	EXP 	dot_4: autoDraw = False
263.6158 	EXP 	dot_5: autoDraw = True
264.6156 	EXP 	dot_5: autoDraw = False
264.6156 	EXP 	dot_6: autoDraw = True
265.6158 	EXP 	dot_6: autoDraw = False
265.6158 	EXP 	dot_7: autoDraw = True
266.6157 	EXP 	dot_7: autoDraw = False
266.6157 	EXP 	dot_8: autoDraw = True
267.6155 	EXP 	dot_8: autoDraw = False
267.6155 	EXP 	dot_9: autoDraw = True
268.6155 	EXP 	dot_9: autoDraw = False
268.6155 	EXP 	dot_10: autoDraw = True
269.6004 	EXP 	New trial (rep=25, index=0): <Trial 25 (0 in rep 25) data={'thisN': 25, 'thisTrialN': 0, 'thisRepN': 25}>
269.6156 	EXP 	dot_10: autoDraw = False
269.6156 	EXP 	dot_1: autoDraw = False
269.6156 	EXP 	dot_2: autoDraw = False
269.6156 	EXP 	dot_3: autoDraw = False
269.6156 	EXP 	dot_4: autoDraw = False
269.6156 	EXP 	dot_5: autoDraw = False
269.6156 	EXP 	dot_6: autoDraw = False
269.6156 	EXP 	dot_7: autoDraw = False
269.6156 	EXP 	dot_8: autoDraw = False
269.6156 	EXP 	dot_9: autoDraw = False
269.6156 	EXP 	dot_10: autoDraw = False
269.6156 	EXP 	dot_2: borderColor = <psychopy.colors.Color: (0.0, 1.0, 0.0, 1.0)>
269.6156 	EXP 	dot_1: autoDraw = True
270.6157 	EXP 	dot_1: autoDraw = False
270.6157 	EXP 	dot_2: autoDraw = True
271.6154 	EXP 	dot_2: autoDraw = False
271.6154 	EXP 	dot_3: autoDraw = True
272.6155 	EXP 	dot_3: autoDraw = False
272.6155 	EXP 	dot_4: autoDraw = True
273.6156 	EXP 	dot_4: autoDraw = False
273.6156 	EXP 	dot_5: autoDraw = True
274.6158 	EXP 	dot_5: autoDraw = False
274.6158 	EXP 	dot_6: autoDraw = True
275.6160 	EXP 	dot_6: autoDraw = False
275.6160 	EXP 	dot_7: autoDraw = True
276.6155 	EXP 	dot_7: autoDraw = False
276.6155 	EXP 	dot_8: autoDraw = True
277.6156 	EXP 	dot_8: autoDraw = False
277.6156 	EXP 	dot_9: autoDraw = True
278.6160 	EXP 	dot_9: autoDraw = False
278.6160 	EXP 	dot_10: autoDraw = True
279.6005 	EXP 	New trial (rep=26, index=0): <Trial 26 (0 in rep 26) data={'thisN': 26, 'thisTrialN': 0, 'thisRepN': 26}>
279.6155 	EXP 	dot_10: autoDraw = False
279.6155 	EXP 	dot_1: autoDraw = False
279.6155 	EXP 	dot_2: autoDraw = False
279.6155 	EXP 	dot_3: autoDraw = False
279.6155 	EXP 	dot_4: autoDraw = False
279.6155 	EXP 	dot_5: autoDraw = False
279.6155 	EXP 	dot_6: autoDraw = False
279.6155 	EXP 	dot_7: autoDraw = False
279.6155 	EXP 	dot_8: autoDraw = False
279.6155 	EXP 	dot_9: autoDraw = False
279.6155 	EXP 	dot_10: autoDraw = False
279.6155 	EXP 	dot_2: borderColor = <psychopy.colors.Color: (0.0, 1.0, 0.0, 1.0)>
279.6155 	EXP 	dot_1: autoDraw = True
280.6157 	EXP 	dot_1: autoDraw = False
280.6157 	EXP 	dot_2: autoDraw = True
281.6157 	EXP 	dot_2: autoDraw = False
281.6157 	EXP 	dot_3: autoDraw = True
282.6157 	EXP 	dot_3: autoDraw = False
282.6157 	EXP 	dot_4: autoDraw = True
283.6154 	EXP 	dot_4: autoDraw = False
283.6154 	EXP 	dot_5: autoDraw = True
284.6155 	EXP 	dot_5: autoDraw = False
284.6155 	EXP 	dot_6: autoDraw = True
285.6158 	EXP 	dot_6: autoDraw = False
285.6158 	EXP 	dot_7: autoDraw = True
286.6154 	EXP 	dot_7: autoDraw = False
286.6154 	EXP 	dot_8: autoDraw = True
287.6156 	EXP 	dot_8: autoDraw = False
287.6156 	EXP 	dot_9: autoDraw = True
288.6155 	EXP 	dot_9: autoDraw = False
288.6155 	EXP 	dot_10: autoDraw = True
289.6004 	EXP 	New trial (rep=27, index=0): <Trial 27 (0 in rep 27) data={'thisN': 27, 'thisTrialN': 0, 'thisRepN': 27}>
289.6159 	EXP 	dot_10: autoDraw = False
289.6159 	EXP 	dot_1: autoDraw = False
289.6159 	EXP 	dot_2: autoDraw = False
289.6159 	EXP 	dot_3: autoDraw = False
289.6159 	EXP 	dot_4: autoDraw = False
289.6159 	EXP 	dot_5: autoDraw = False
289.6159 	EXP 	dot_6: autoDraw = False
289.6159 	EXP 	dot_7: autoDraw = False
289.6159 	EXP 	dot_8: autoDraw = False
289.6159 	EXP 	dot_9: autoDraw = False
289.6159 	EXP 	dot_10: autoDraw = False
289.6159 	EXP 	dot_2: borderColor = <psychopy.colors.Color: (0.0, 1.0, 0.0, 1.0)>
289.6159 	EXP 	dot_1: autoDraw = True
290.6159 	EXP 	dot_1: autoDraw = False
290.6159 	EXP 	dot_2: autoDraw = True
291.6157 	EXP 	dot_2: autoDraw = False
291.6157 	EXP 	dot_3: autoDraw = True
292.6156 	EXP 	dot_3: autoDraw = False
292.6156 	EXP 	dot_4: autoDraw = True
293.6155 	EXP 	dot_4: autoDraw = False
293.6155 	EXP 	dot_5: autoDraw = True
294.6155 	EXP 	dot_5: autoDraw = False
294.6155 	EXP 	dot_6: autoDraw = True
295.6158 	EXP 	dot_6: autoDraw = False
295.6158 	EXP 	dot_7: autoDraw = True
296.6156 	EXP 	dot_7: autoDraw = False
296.6156 	EXP 	dot_8: autoDraw = True
297.6155 	EXP 	dot_8: autoDraw = False
297.6155 	EXP 	dot_9: autoDraw = True
298.6154 	EXP 	dot_9: autoDraw = False
298.6154 	EXP 	dot_10: autoDraw = True
299.6003 	EXP 	New trial (rep=28, index=0): <Trial 28 (0 in rep 28) data={'thisN': 28, 'thisTrialN': 0, 'thisRepN': 28}>
299.6158 	EXP 	dot_10: autoDraw = False
299.6158 	EXP 	dot_1: autoDraw = False
299.6158 	EXP 	dot_2: autoDraw = False
299.6158 	EXP 	dot_3: autoDraw = False
299.6158 	EXP 	dot_4: autoDraw = False
299.6158 	EXP 	dot_5: autoDraw = False
299.6158 	EXP 	dot_6: autoDraw = False
299.6158 	EXP 	dot_7: autoDraw = False
299.6158 	EXP 	dot_8: autoDraw = False
299.6158 	EXP 	dot_9: autoDraw = False
299.6158 	EXP 	dot_10: autoDraw = False
299.6158 	EXP 	dot_2: borderColor = <psychopy.colors.Color: (0.0, 1.0, 0.0, 1.0)>
299.6158 	EXP 	dot_1: autoDraw = True
300.6159 	EXP 	dot_1: autoDraw = False
300.6159 	EXP 	dot_2: autoDraw = True
301.6155 	EXP 	dot_2: autoDraw = False
301.6155 	EXP 	dot_3: autoDraw = True
302.6154 	EXP 	dot_3: autoDraw = False
302.6154 	EXP 	dot_4: autoDraw = True
303.6156 	EXP 	dot_4: autoDraw = False
303.6156 	EXP 	dot_5: autoDraw = True
304.6155 	EXP 	dot_5: autoDraw = False
304.6155 	EXP 	dot_6: autoDraw = True
305.6157 	EXP 	dot_6: autoDraw = False
305.6157 	EXP 	dot_7: autoDraw = True
306.6157 	EXP 	dot_7: autoDraw = False
306.6157 	EXP 	dot_8: autoDraw = True
307.6155 	EXP 	dot_8: autoDraw = False
307.6155 	EXP 	dot_9: autoDraw = True
308.6157 	EXP 	dot_9: autoDraw = False
308.6157 	EXP 	dot_10: autoDraw = True
309.5994 	EXP 	New trial (rep=29, index=0): <Trial 29 (0 in rep 29) data={'thisN': 29, 'thisTrialN': 0, 'thisRepN': 29}>
309.6155 	EXP 	dot_10: autoDraw = False
309.6155 	EXP 	dot_1: autoDraw = False
309.6155 	EXP 	dot_2: autoDraw = False
309.6155 	EXP 	dot_3: autoDraw = False
309.6155 	EXP 	dot_4: autoDraw = False
309.6155 	EXP 	dot_5: autoDraw = False
309.6155 	EXP 	dot_6: autoDraw = False
309.6155 	EXP 	dot_7: autoDraw = False
309.6155 	EXP 	dot_8: autoDraw = False
309.6155 	EXP 	dot_9: autoDraw = False
309.6155 	EXP 	dot_10: autoDraw = False
309.6155 	EXP 	dot_2: borderColor = <psychopy.colors.Color: (0.0, 1.0, 0.0, 1.0)>
309.6155 	EXP 	dot_1: autoDraw = True
310.6155 	EXP 	dot_1: autoDraw = False
310.6155 	EXP 	dot_2: autoDraw = True
311.6157 	EXP 	dot_2: autoDraw = False
311.6157 	EXP 	dot_3: autoDraw = True
312.6157 	EXP 	dot_3: autoDraw = False
312.6157 	EXP 	dot_4: autoDraw = True
313.6161 	EXP 	dot_4: autoDraw = False
313.6161 	EXP 	dot_5: autoDraw = True
314.6155 	EXP 	dot_5: autoDraw = False
314.6155 	EXP 	dot_6: autoDraw = True
315.6154 	EXP 	dot_6: autoDraw = False
315.6154 	EXP 	dot_7: autoDraw = True
316.6154 	EXP 	dot_7: autoDraw = False
316.6154 	EXP 	dot_8: autoDraw = True
317.6157 	EXP 	dot_8: autoDraw = False
317.6157 	EXP 	dot_9: autoDraw = True
318.6155 	EXP 	dot_9: autoDraw = False
318.6155 	EXP 	dot_10: autoDraw = True
319.5998 	EXP 	New trial (rep=30, index=0): <Trial 30 (0 in rep 30) data={'thisN': 30, 'thisTrialN': 0, 'thisRepN': 30}>
319.6155 	EXP 	dot_10: autoDraw = False
319.6155 	EXP 	dot_1: autoDraw = False
319.6155 	EXP 	dot_2: autoDraw = False
319.6155 	EXP 	dot_3: autoDraw = False
319.6155 	EXP 	dot_4: autoDraw = False
319.6155 	EXP 	dot_5: autoDraw = False
319.6155 	EXP 	dot_6: autoDraw = False
319.6155 	EXP 	dot_7: autoDraw = False
319.6155 	EXP 	dot_8: autoDraw = False
319.6155 	EXP 	dot_9: autoDraw = False
319.6155 	EXP 	dot_10: autoDraw = False
319.6155 	EXP 	dot_2: borderColor = <psychopy.colors.Color: (0.0, 1.0, 0.0, 1.0)>
319.6155 	EXP 	dot_1: autoDraw = True
320.6160 	EXP 	dot_1: autoDraw = False
320.6160 	EXP 	dot_2: autoDraw = True
321.6158 	EXP 	dot_2: autoDraw = False
321.6158 	EXP 	dot_3: autoDraw = True
322.6154 	EXP 	dot_3: autoDraw = False
322.6154 	EXP 	dot_4: autoDraw = True
323.6156 	EXP 	dot_4: autoDraw = False
323.6156 	EXP 	dot_5: autoDraw = True
324.6154 	EXP 	dot_5: autoDraw = False
324.6154 	EXP 	dot_6: autoDraw = True
325.6157 	EXP 	dot_6: autoDraw = False
325.6157 	EXP 	dot_7: autoDraw = True
326.6156 	EXP 	dot_7: autoDraw = False
326.6156 	EXP 	dot_8: autoDraw = True
327.6156 	EXP 	dot_8: autoDraw = False
327.6156 	EXP 	dot_9: autoDraw = True
328.6157 	EXP 	dot_9: autoDraw = False
328.6157 	EXP 	dot_10: autoDraw = True
329.6003 	EXP 	New trial (rep=31, index=0): <Trial 31 (0 in rep 31) data={'thisN': 31, 'thisTrialN': 0, 'thisRepN': 31}>
329.6158 	EXP 	dot_10: autoDraw = False
329.6158 	EXP 	dot_1: autoDraw = False
329.6158 	EXP 	dot_2: autoDraw = False
329.6158 	EXP 	dot_3: autoDraw = False
329.6158 	EXP 	dot_4: autoDraw = False
329.6158 	EXP 	dot_5: autoDraw = False
329.6158 	EXP 	dot_6: autoDraw = False
329.6158 	EXP 	dot_7: autoDraw = False
329.6158 	EXP 	dot_8: autoDraw = False
329.6158 	EXP 	dot_9: autoDraw = False
329.6158 	EXP 	dot_10: autoDraw = False
329.6158 	EXP 	dot_2: borderColor = <psychopy.colors.Color: (0.0, 1.0, 0.0, 1.0)>
329.6158 	EXP 	dot_1: autoDraw = True
330.6157 	EXP 	dot_1: autoDraw = False
330.6157 	EXP 	dot_2: autoDraw = True
331.6165 	EXP 	dot_2: autoDraw = False
331.6165 	EXP 	dot_3: autoDraw = True
332.6155 	EXP 	dot_3: autoDraw = False
332.6155 	EXP 	dot_4: autoDraw = True
333.6156 	EXP 	dot_4: autoDraw = False
333.6156 	EXP 	dot_5: autoDraw = True
334.6157 	EXP 	dot_5: autoDraw = False
334.6157 	EXP 	dot_6: autoDraw = True
335.6156 	EXP 	dot_6: autoDraw = False
335.6156 	EXP 	dot_7: autoDraw = True
336.6155 	EXP 	dot_7: autoDraw = False
336.6155 	EXP 	dot_8: autoDraw = True
337.6154 	EXP 	dot_8: autoDraw = False
337.6154 	EXP 	dot_9: autoDraw = True
338.6159 	EXP 	dot_9: autoDraw = False
338.6159 	EXP 	dot_10: autoDraw = True
339.6002 	EXP 	New trial (rep=32, index=0): <Trial 32 (0 in rep 32) data={'thisN': 32, 'thisTrialN': 0, 'thisRepN': 32}>
339.6159 	EXP 	dot_10: autoDraw = False
339.6159 	EXP 	dot_1: autoDraw = False
339.6159 	EXP 	dot_2: autoDraw = False
339.6159 	EXP 	dot_3: autoDraw = False
339.6159 	EXP 	dot_4: autoDraw = False
339.6159 	EXP 	dot_5: autoDraw = False
339.6159 	EXP 	dot_6: autoDraw = False
339.6159 	EXP 	dot_7: autoDraw = False
339.6159 	EXP 	dot_8: autoDraw = False
339.6159 	EXP 	dot_9: autoDraw = False
339.6159 	EXP 	dot_10: autoDraw = False
339.6159 	EXP 	dot_2: borderColor = <psychopy.colors.Color: (0.0, 1.0, 0.0, 1.0)>
339.6159 	EXP 	dot_1: autoDraw = True
340.6154 	EXP 	dot_1: autoDraw = False
340.6154 	EXP 	dot_2: autoDraw = True
341.6157 	EXP 	dot_2: autoDraw = False
341.6157 	EXP 	dot_3: autoDraw = True
342.6156 	EXP 	dot_3: autoDraw = False
342.6156 	EXP 	dot_4: autoDraw = True
343.6159 	EXP 	dot_4: autoDraw = False
343.6159 	EXP 	dot_5: autoDraw = True
344.6155 	EXP 	dot_5: autoDraw = False
344.6155 	EXP 	dot_6: autoDraw = True
345.6155 	EXP 	dot_6: autoDraw = False
345.6155 	EXP 	dot_7: autoDraw = True
346.6155 	EXP 	dot_7: autoDraw = False
346.6155 	EXP 	dot_8: autoDraw = True
347.6156 	EXP 	dot_8: autoDraw = False
347.6156 	EXP 	dot_9: autoDraw = True
348.6154 	EXP 	dot_9: autoDraw = False
348.6154 	EXP 	dot_10: autoDraw = True
349.6003 	EXP 	New trial (rep=33, index=0): <Trial 33 (0 in rep 33) data={'thisN': 33, 'thisTrialN': 0, 'thisRepN': 33}>
349.6156 	EXP 	dot_10: autoDraw = False
349.6156 	EXP 	dot_1: autoDraw = False
349.6156 	EXP 	dot_2: autoDraw = False
349.6156 	EXP 	dot_3: autoDraw = False
349.6156 	EXP 	dot_4: autoDraw = False
349.6156 	EXP 	dot_5: autoDraw = False
349.6156 	EXP 	dot_6: autoDraw = False
349.6156 	EXP 	dot_7: autoDraw = False
349.6156 	EXP 	dot_8: autoDraw = False
349.6156 	EXP 	dot_9: autoDraw = False
349.6156 	EXP 	dot_10: autoDraw = False
349.6156 	EXP 	dot_2: borderColor = <psychopy.colors.Color: (0.0, 1.0, 0.0, 1.0)>
349.6156 	EXP 	dot_1: autoDraw = True
350.6158 	EXP 	dot_1: autoDraw = False
350.6158 	EXP 	dot_2: autoDraw = True
351.6155 	EXP 	dot_2: autoDraw = False
351.6155 	EXP 	dot_3: autoDraw = True
352.6155 	EXP 	dot_3: autoDraw = False
352.6155 	EXP 	dot_4: autoDraw = True
353.6158 	EXP 	dot_4: autoDraw = False
353.6158 	EXP 	dot_5: autoDraw = True
354.6156 	EXP 	dot_5: autoDraw = False
354.6156 	EXP 	dot_6: autoDraw = True
355.6154 	EXP 	dot_6: autoDraw = False
355.6154 	EXP 	dot_7: autoDraw = True
356.6154 	EXP 	dot_7: autoDraw = False
356.6154 	EXP 	dot_8: autoDraw = True
357.6165 	EXP 	dot_8: autoDraw = False
357.6165 	EXP 	dot_9: autoDraw = True
358.6158 	EXP 	dot_9: autoDraw = False
358.6158 	EXP 	dot_10: autoDraw = True
359.6002 	EXP 	New trial (rep=34, index=0): <Trial 34 (0 in rep 34) data={'thisN': 34, 'thisTrialN': 0, 'thisRepN': 34}>
359.6156 	EXP 	dot_10: autoDraw = False
359.6156 	EXP 	dot_1: autoDraw = False
359.6156 	EXP 	dot_2: autoDraw = False
359.6156 	EXP 	dot_3: autoDraw = False
359.6156 	EXP 	dot_4: autoDraw = False
359.6156 	EXP 	dot_5: autoDraw = False
359.6156 	EXP 	dot_6: autoDraw = False
359.6156 	EXP 	dot_7: autoDraw = False
359.6156 	EXP 	dot_8: autoDraw = False
359.6156 	EXP 	dot_9: autoDraw = False
359.6156 	EXP 	dot_10: autoDraw = False
359.6156 	EXP 	dot_2: borderColor = <psychopy.colors.Color: (0.0, 1.0, 0.0, 1.0)>
359.6156 	EXP 	dot_1: autoDraw = True
360.6153 	EXP 	dot_1: autoDraw = False
360.6153 	EXP 	dot_2: autoDraw = True
361.6157 	EXP 	dot_2: autoDraw = False
361.6157 	EXP 	dot_3: autoDraw = True
362.6156 	EXP 	dot_3: autoDraw = False
362.6156 	EXP 	dot_4: autoDraw = True
363.6156 	EXP 	dot_4: autoDraw = False
363.6156 	EXP 	dot_5: autoDraw = True
364.6158 	EXP 	dot_5: autoDraw = False
364.6158 	EXP 	dot_6: autoDraw = True
365.6157 	EXP 	dot_6: autoDraw = False
365.6157 	EXP 	dot_7: autoDraw = True
366.6158 	EXP 	dot_7: autoDraw = False
366.6158 	EXP 	dot_8: autoDraw = True
367.6156 	EXP 	dot_8: autoDraw = False
367.6156 	EXP 	dot_9: autoDraw = True
368.6156 	EXP 	dot_9: autoDraw = False
368.6156 	EXP 	dot_10: autoDraw = True
369.5998 	EXP 	New trial (rep=35, index=0): <Trial 35 (0 in rep 35) data={'thisN': 35, 'thisTrialN': 0, 'thisRepN': 35}>
369.6158 	EXP 	dot_10: autoDraw = False
369.6158 	EXP 	dot_1: autoDraw = False
369.6158 	EXP 	dot_2: autoDraw = False
369.6158 	EXP 	dot_3: autoDraw = False
369.6158 	EXP 	dot_4: autoDraw = False
369.6158 	EXP 	dot_5: autoDraw = False
369.6158 	EXP 	dot_6: autoDraw = False
369.6158 	EXP 	dot_7: autoDraw = False
369.6158 	EXP 	dot_8: autoDraw = False
369.6158 	EXP 	dot_9: autoDraw = False
369.6158 	EXP 	dot_10: autoDraw = False
369.6158 	EXP 	dot_2: borderColor = <psychopy.colors.Color: (0.0, 1.0, 0.0, 1.0)>
369.6158 	EXP 	dot_1: autoDraw = True
370.6156 	EXP 	dot_1: autoDraw = False
370.6156 	EXP 	dot_2: autoDraw = True
371.6154 	EXP 	dot_2: autoDraw = False
371.6154 	EXP 	dot_3: autoDraw = True
372.6157 	EXP 	dot_3: autoDraw = False
372.6157 	EXP 	dot_4: autoDraw = True
373.6156 	EXP 	dot_4: autoDraw = False
373.6156 	EXP 	dot_5: autoDraw = True
374.6156 	EXP 	dot_5: autoDraw = False
374.6156 	EXP 	dot_6: autoDraw = True
375.6160 	EXP 	dot_6: autoDraw = False
375.6160 	EXP 	dot_7: autoDraw = True
376.6157 	EXP 	dot_7: autoDraw = False
376.6157 	EXP 	dot_8: autoDraw = True
377.6155 	EXP 	dot_8: autoDraw = False
377.6155 	EXP 	dot_9: autoDraw = True
378.6157 	EXP 	dot_9: autoDraw = False
378.6157 	EXP 	dot_10: autoDraw = True
379.5998 	EXP 	New trial (rep=36, index=0): <Trial 36 (0 in rep 36) data={'thisN': 36, 'thisTrialN': 0, 'thisRepN': 36}>
379.6159 	EXP 	dot_10: autoDraw = False
379.6159 	EXP 	dot_1: autoDraw = False
379.6159 	EXP 	dot_2: autoDraw = False
379.6159 	EXP 	dot_3: autoDraw = False
379.6159 	EXP 	dot_4: autoDraw = False
379.6159 	EXP 	dot_5: autoDraw = False
379.6159 	EXP 	dot_6: autoDraw = False
379.6159 	EXP 	dot_7: autoDraw = False
379.6159 	EXP 	dot_8: autoDraw = False
379.6159 	EXP 	dot_9: autoDraw = False
379.6159 	EXP 	dot_10: autoDraw = False
379.6159 	EXP 	dot_2: borderColor = <psychopy.colors.Color: (0.0, 1.0, 0.0, 1.0)>
379.6159 	EXP 	dot_1: autoDraw = True
380.6159 	EXP 	dot_1: autoDraw = False
380.6159 	EXP 	dot_2: autoDraw = True
381.6155 	EXP 	dot_2: autoDraw = False
381.6155 	EXP 	dot_3: autoDraw = True
382.6154 	EXP 	dot_3: autoDraw = False
382.6154 	EXP 	dot_4: autoDraw = True
383.6158 	EXP 	dot_4: autoDraw = False
383.6158 	EXP 	dot_5: autoDraw = True
384.6157 	EXP 	dot_5: autoDraw = False
384.6157 	EXP 	dot_6: autoDraw = True
385.6156 	EXP 	dot_6: autoDraw = False
385.6156 	EXP 	dot_7: autoDraw = True
386.6154 	EXP 	dot_7: autoDraw = False
386.6154 	EXP 	dot_8: autoDraw = True
387.6154 	EXP 	dot_8: autoDraw = False
387.6154 	EXP 	dot_9: autoDraw = True
388.6155 	EXP 	dot_9: autoDraw = False
388.6155 	EXP 	dot_10: autoDraw = True
389.6002 	EXP 	New trial (rep=37, index=0): <Trial 37 (0 in rep 37) data={'thisN': 37, 'thisTrialN': 0, 'thisRepN': 37}>
389.6158 	EXP 	dot_10: autoDraw = False
389.6158 	EXP 	dot_1: autoDraw = False
389.6158 	EXP 	dot_2: autoDraw = False
389.6158 	EXP 	dot_3: autoDraw = False
389.6158 	EXP 	dot_4: autoDraw = False
389.6158 	EXP 	dot_5: autoDraw = False
389.6158 	EXP 	dot_6: autoDraw = False
389.6158 	EXP 	dot_7: autoDraw = False
389.6158 	EXP 	dot_8: autoDraw = False
389.6158 	EXP 	dot_9: autoDraw = False
389.6158 	EXP 	dot_10: autoDraw = False
389.6158 	EXP 	dot_2: borderColor = <psychopy.colors.Color: (0.0, 1.0, 0.0, 1.0)>
389.6158 	EXP 	dot_1: autoDraw = True
390.6154 	EXP 	dot_1: autoDraw = False
390.6154 	EXP 	dot_2: autoDraw = True
391.6156 	EXP 	dot_2: autoDraw = False
391.6156 	EXP 	dot_3: autoDraw = True
392.6154 	EXP 	dot_3: autoDraw = False
392.6154 	EXP 	dot_4: autoDraw = True
393.6154 	EXP 	dot_4: autoDraw = False
393.6154 	EXP 	dot_5: autoDraw = True
394.6156 	EXP 	dot_5: autoDraw = False
394.6156 	EXP 	dot_6: autoDraw = True
395.6154 	EXP 	dot_6: autoDraw = False
395.6154 	EXP 	dot_7: autoDraw = True
396.6159 	EXP 	dot_7: autoDraw = False
396.6159 	EXP 	dot_8: autoDraw = True
397.6156 	EXP 	dot_8: autoDraw = False
397.6156 	EXP 	dot_9: autoDraw = True
398.6154 	EXP 	dot_9: autoDraw = False
398.6154 	EXP 	dot_10: autoDraw = True
399.5994 	EXP 	New trial (rep=38, index=0): <Trial 38 (0 in rep 38) data={'thisN': 38, 'thisTrialN': 0, 'thisRepN': 38}>
399.6154 	EXP 	dot_10: autoDraw = False
399.6154 	EXP 	dot_1: autoDraw = False
399.6154 	EXP 	dot_2: autoDraw = False
399.6154 	EXP 	dot_3: autoDraw = False
399.6154 	EXP 	dot_4: autoDraw = False
399.6154 	EXP 	dot_5: autoDraw = False
399.6154 	EXP 	dot_6: autoDraw = False
399.6154 	EXP 	dot_7: autoDraw = False
399.6154 	EXP 	dot_8: autoDraw = False
399.6154 	EXP 	dot_9: autoDraw = False
399.6154 	EXP 	dot_10: autoDraw = False
399.6154 	EXP 	dot_2: borderColor = <psychopy.colors.Color: (0.0, 1.0, 0.0, 1.0)>
399.6154 	EXP 	dot_1: autoDraw = True
400.6154 	EXP 	dot_1: autoDraw = False
400.6154 	EXP 	dot_2: autoDraw = True
401.6154 	EXP 	dot_2: autoDraw = False
401.6154 	EXP 	dot_3: autoDraw = True
402.6158 	EXP 	dot_3: autoDraw = False
402.6158 	EXP 	dot_4: autoDraw = True
403.6157 	EXP 	dot_4: autoDraw = False
403.6157 	EXP 	dot_5: autoDraw = True
404.6157 	EXP 	dot_5: autoDraw = False
404.6157 	EXP 	dot_6: autoDraw = True
405.6156 	EXP 	dot_6: autoDraw = False
405.6156 	EXP 	dot_7: autoDraw = True
406.6155 	EXP 	dot_7: autoDraw = False
406.6155 	EXP 	dot_8: autoDraw = True
407.6154 	EXP 	dot_8: autoDraw = False
407.6154 	EXP 	dot_9: autoDraw = True
408.6154 	EXP 	dot_9: autoDraw = False
408.6154 	EXP 	dot_10: autoDraw = True
409.6000 	EXP 	New trial (rep=39, index=0): <Trial 39 (0 in rep 39) data={'thisN': 39, 'thisTrialN': 0, 'thisRepN': 39}>
409.6157 	EXP 	dot_10: autoDraw = False
409.6157 	EXP 	dot_1: autoDraw = False
409.6157 	EXP 	dot_2: autoDraw = False
409.6157 	EXP 	dot_3: autoDraw = False
409.6157 	EXP 	dot_4: autoDraw = False
409.6157 	EXP 	dot_5: autoDraw = False
409.6157 	EXP 	dot_6: autoDraw = False
409.6157 	EXP 	dot_7: autoDraw = False
409.6157 	EXP 	dot_8: autoDraw = False
409.6157 	EXP 	dot_9: autoDraw = False
409.6157 	EXP 	dot_10: autoDraw = False
409.6157 	EXP 	dot_2: borderColor = <psychopy.colors.Color: (0.0, 1.0, 0.0, 1.0)>
409.6157 	EXP 	dot_1: autoDraw = True
410.6155 	EXP 	dot_1: autoDraw = False
410.6155 	EXP 	dot_2: autoDraw = True
411.6159 	EXP 	dot_2: autoDraw = False
411.6159 	EXP 	dot_3: autoDraw = True
412.6155 	EXP 	dot_3: autoDraw = False
412.6155 	EXP 	dot_4: autoDraw = True
413.6153 	EXP 	dot_4: autoDraw = False
413.6153 	EXP 	dot_5: autoDraw = True
414.6154 	EXP 	dot_5: autoDraw = False
414.6154 	EXP 	dot_6: autoDraw = True
415.6156 	EXP 	dot_6: autoDraw = False
415.6156 	EXP 	dot_7: autoDraw = True
416.6155 	EXP 	dot_7: autoDraw = False
416.6155 	EXP 	dot_8: autoDraw = True
417.6157 	EXP 	dot_8: autoDraw = False
417.6157 	EXP 	dot_9: autoDraw = True
418.6155 	EXP 	dot_9: autoDraw = False
418.6155 	EXP 	dot_10: autoDraw = True
419.6006 	EXP 	New trial (rep=40, index=0): <Trial 40 (0 in rep 40) data={'thisN': 40, 'thisTrialN': 0, 'thisRepN': 40}>
419.6156 	EXP 	dot_10: autoDraw = False
419.6156 	EXP 	dot_1: autoDraw = False
419.6156 	EXP 	dot_2: autoDraw = False
419.6156 	EXP 	dot_3: autoDraw = False
419.6156 	EXP 	dot_4: autoDraw = False
419.6156 	EXP 	dot_5: autoDraw = False
419.6156 	EXP 	dot_6: autoDraw = False
419.6156 	EXP 	dot_7: autoDraw = False
419.6156 	EXP 	dot_8: autoDraw = False
419.6156 	EXP 	dot_9: autoDraw = False
419.6156 	EXP 	dot_10: autoDraw = False
419.6156 	EXP 	dot_2: borderColor = <psychopy.colors.Color: (0.0, 1.0, 0.0, 1.0)>
419.6156 	EXP 	dot_1: autoDraw = True
420.6157 	EXP 	dot_1: autoDraw = False
420.6157 	EXP 	dot_2: autoDraw = True
421.6152 	EXP 	dot_2: autoDraw = False
421.6152 	EXP 	dot_3: autoDraw = True
422.6159 	EXP 	dot_3: autoDraw = False
422.6159 	EXP 	dot_4: autoDraw = True
423.6154 	EXP 	dot_4: autoDraw = False
423.6154 	EXP 	dot_5: autoDraw = True
424.6153 	EXP 	dot_5: autoDraw = False
424.6153 	EXP 	dot_6: autoDraw = True
425.6153 	EXP 	dot_6: autoDraw = False
425.6153 	EXP 	dot_7: autoDraw = True
426.6153 	EXP 	dot_7: autoDraw = False
426.6153 	EXP 	dot_8: autoDraw = True
427.6155 	EXP 	dot_8: autoDraw = False
427.6155 	EXP 	dot_9: autoDraw = True
428.6155 	EXP 	dot_9: autoDraw = False
428.6155 	EXP 	dot_10: autoDraw = True
429.5997 	EXP 	New trial (rep=41, index=0): <Trial 41 (0 in rep 41) data={'thisN': 41, 'thisTrialN': 0, 'thisRepN': 41}>
429.6154 	EXP 	dot_10: autoDraw = False
429.6154 	EXP 	dot_1: autoDraw = False
429.6154 	EXP 	dot_2: autoDraw = False
429.6154 	EXP 	dot_3: autoDraw = False
429.6154 	EXP 	dot_4: autoDraw = False
429.6154 	EXP 	dot_5: autoDraw = False
429.6154 	EXP 	dot_6: autoDraw = False
429.6154 	EXP 	dot_7: autoDraw = False
429.6154 	EXP 	dot_8: autoDraw = False
429.6154 	EXP 	dot_9: autoDraw = False
429.6154 	EXP 	dot_10: autoDraw = False
429.6154 	EXP 	dot_2: borderColor = <psychopy.colors.Color: (0.0, 1.0, 0.0, 1.0)>
429.6154 	EXP 	dot_1: autoDraw = True
430.6154 	EXP 	dot_1: autoDraw = False
430.6154 	EXP 	dot_2: autoDraw = True
431.6157 	EXP 	dot_2: autoDraw = False
431.6157 	EXP 	dot_3: autoDraw = True
432.6156 	EXP 	dot_3: autoDraw = False
432.6156 	EXP 	dot_4: autoDraw = True
433.6155 	EXP 	dot_4: autoDraw = False
433.6155 	EXP 	dot_5: autoDraw = True
434.6155 	EXP 	dot_5: autoDraw = False
434.6155 	EXP 	dot_6: autoDraw = True
435.6155 	EXP 	dot_6: autoDraw = False
435.6155 	EXP 	dot_7: autoDraw = True
436.6159 	EXP 	dot_7: autoDraw = False
436.6159 	EXP 	dot_8: autoDraw = True
437.6157 	EXP 	dot_8: autoDraw = False
437.6157 	EXP 	dot_9: autoDraw = True
438.6157 	EXP 	dot_9: autoDraw = False
438.6157 	EXP 	dot_10: autoDraw = True
439.5995 	EXP 	New trial (rep=42, index=0): <Trial 42 (0 in rep 42) data={'thisN': 42, 'thisTrialN': 0, 'thisRepN': 42}>
439.6154 	EXP 	dot_10: autoDraw = False
439.6154 	EXP 	dot_1: autoDraw = False
439.6154 	EXP 	dot_2: autoDraw = False
439.6154 	EXP 	dot_3: autoDraw = False
439.6154 	EXP 	dot_4: autoDraw = False
439.6154 	EXP 	dot_5: autoDraw = False
439.6154 	EXP 	dot_6: autoDraw = False
439.6154 	EXP 	dot_7: autoDraw = False
439.6154 	EXP 	dot_8: autoDraw = False
439.6154 	EXP 	dot_9: autoDraw = False
439.6154 	EXP 	dot_10: autoDraw = False
439.6154 	EXP 	dot_2: borderColor = <psychopy.colors.Color: (0.0, 1.0, 0.0, 1.0)>
439.6154 	EXP 	dot_1: autoDraw = True
440.6154 	EXP 	dot_1: autoDraw = False
440.6154 	EXP 	dot_2: autoDraw = True
441.6154 	EXP 	dot_2: autoDraw = False
441.6154 	EXP 	dot_3: autoDraw = True
442.6153 	EXP 	dot_3: autoDraw = False
442.6153 	EXP 	dot_4: autoDraw = True
443.6154 	EXP 	dot_4: autoDraw = False
443.6154 	EXP 	dot_5: autoDraw = True
444.6153 	EXP 	dot_5: autoDraw = False
444.6153 	EXP 	dot_6: autoDraw = True
445.6153 	EXP 	dot_6: autoDraw = False
445.6153 	EXP 	dot_7: autoDraw = True
446.6155 	EXP 	dot_7: autoDraw = False
446.6155 	EXP 	dot_8: autoDraw = True
447.6155 	EXP 	dot_8: autoDraw = False
447.6155 	EXP 	dot_9: autoDraw = True
448.6154 	EXP 	dot_9: autoDraw = False
448.6154 	EXP 	dot_10: autoDraw = True
449.5997 	EXP 	New trial (rep=43, index=0): <Trial 43 (0 in rep 43) data={'thisN': 43, 'thisTrialN': 0, 'thisRepN': 43}>
449.6155 	EXP 	dot_10: autoDraw = False
449.6155 	EXP 	dot_1: autoDraw = False
449.6155 	EXP 	dot_2: autoDraw = False
449.6155 	EXP 	dot_3: autoDraw = False
449.6155 	EXP 	dot_4: autoDraw = False
449.6155 	EXP 	dot_5: autoDraw = False
449.6155 	EXP 	dot_6: autoDraw = False
449.6155 	EXP 	dot_7: autoDraw = False
449.6155 	EXP 	dot_8: autoDraw = False
449.6155 	EXP 	dot_9: autoDraw = False
449.6155 	EXP 	dot_10: autoDraw = False
449.6155 	EXP 	dot_2: borderColor = <psychopy.colors.Color: (0.0, 1.0, 0.0, 1.0)>
449.6155 	EXP 	dot_1: autoDraw = True
450.6154 	EXP 	dot_1: autoDraw = False
450.6154 	EXP 	dot_2: autoDraw = True
451.6158 	EXP 	dot_2: autoDraw = False
451.6158 	EXP 	dot_3: autoDraw = True
452.6152 	EXP 	dot_3: autoDraw = False
452.6152 	EXP 	dot_4: autoDraw = True
453.6155 	EXP 	dot_4: autoDraw = False
453.6155 	EXP 	dot_5: autoDraw = True
454.6154 	EXP 	dot_5: autoDraw = False
454.6154 	EXP 	dot_6: autoDraw = True
455.6156 	EXP 	dot_6: autoDraw = False
455.6156 	EXP 	dot_7: autoDraw = True
456.6156 	EXP 	dot_7: autoDraw = False
456.6156 	EXP 	dot_8: autoDraw = True
457.6157 	EXP 	dot_8: autoDraw = False
457.6157 	EXP 	dot_9: autoDraw = True
458.6154 	EXP 	dot_9: autoDraw = False
458.6154 	EXP 	dot_10: autoDraw = True
459.5993 	EXP 	New trial (rep=44, index=0): <Trial 44 (0 in rep 44) data={'thisN': 44, 'thisTrialN': 0, 'thisRepN': 44}>
459.6153 	EXP 	dot_10: autoDraw = False
459.6153 	EXP 	dot_1: autoDraw = False
459.6153 	EXP 	dot_2: autoDraw = False
459.6153 	EXP 	dot_3: autoDraw = False
459.6153 	EXP 	dot_4: autoDraw = False
459.6153 	EXP 	dot_5: autoDraw = False
459.6153 	EXP 	dot_6: autoDraw = False
459.6153 	EXP 	dot_7: autoDraw = False
459.6153 	EXP 	dot_8: autoDraw = False
459.6153 	EXP 	dot_9: autoDraw = False
459.6153 	EXP 	dot_10: autoDraw = False
459.6153 	EXP 	dot_2: borderColor = <psychopy.colors.Color: (0.0, 1.0, 0.0, 1.0)>
459.6153 	EXP 	dot_1: autoDraw = True
460.6156 	EXP 	dot_1: autoDraw = False
460.6156 	EXP 	dot_2: autoDraw = True
461.6157 	EXP 	dot_2: autoDraw = False
461.6157 	EXP 	dot_3: autoDraw = True
462.6153 	EXP 	dot_3: autoDraw = False
462.6153 	EXP 	dot_4: autoDraw = True
463.6158 	EXP 	dot_4: autoDraw = False
463.6158 	EXP 	dot_5: autoDraw = True
464.6156 	EXP 	dot_5: autoDraw = False
464.6156 	EXP 	dot_6: autoDraw = True
465.6159 	EXP 	dot_6: autoDraw = False
465.6159 	EXP 	dot_7: autoDraw = True
466.6153 	EXP 	dot_7: autoDraw = False
466.6153 	EXP 	dot_8: autoDraw = True
467.6155 	EXP 	dot_8: autoDraw = False
467.6155 	EXP 	dot_9: autoDraw = True
468.6153 	EXP 	dot_9: autoDraw = False
468.6153 	EXP 	dot_10: autoDraw = True
469.6018 	EXP 	New trial (rep=45, index=0): <Trial 45 (0 in rep 45) data={'thisN': 45, 'thisTrialN': 0, 'thisRepN': 45}>
469.6156 	EXP 	dot_10: autoDraw = False
469.6156 	EXP 	dot_1: autoDraw = False
469.6156 	EXP 	dot_2: autoDraw = False
469.6156 	EXP 	dot_3: autoDraw = False
469.6156 	EXP 	dot_4: autoDraw = False
469.6156 	EXP 	dot_5: autoDraw = False
469.6156 	EXP 	dot_6: autoDraw = False
469.6156 	EXP 	dot_7: autoDraw = False
469.6156 	EXP 	dot_8: autoDraw = False
469.6156 	EXP 	dot_9: autoDraw = False
469.6156 	EXP 	dot_10: autoDraw = False
469.6156 	EXP 	dot_2: borderColor = <psychopy.colors.Color: (0.0, 1.0, 0.0, 1.0)>
469.6156 	EXP 	dot_1: autoDraw = True
470.6156 	EXP 	dot_1: autoDraw = False
470.6156 	EXP 	dot_2: autoDraw = True
471.6152 	EXP 	dot_2: autoDraw = False
471.6152 	EXP 	dot_3: autoDraw = True
472.6160 	EXP 	dot_3: autoDraw = False
472.6160 	EXP 	dot_4: autoDraw = True
473.6154 	EXP 	dot_4: autoDraw = False
473.6154 	EXP 	dot_5: autoDraw = True
474.6156 	EXP 	dot_5: autoDraw = False
474.6156 	EXP 	dot_6: autoDraw = True
475.6158 	EXP 	dot_6: autoDraw = False
475.6158 	EXP 	dot_7: autoDraw = True
476.6155 	EXP 	dot_7: autoDraw = False
476.6155 	EXP 	dot_8: autoDraw = True
477.6154 	EXP 	dot_8: autoDraw = False
477.6154 	EXP 	dot_9: autoDraw = True
478.6155 	EXP 	dot_9: autoDraw = False
478.6155 	EXP 	dot_10: autoDraw = True
479.6003 	EXP 	New trial (rep=46, index=0): <Trial 46 (0 in rep 46) data={'thisN': 46, 'thisTrialN': 0, 'thisRepN': 46}>
479.6155 	EXP 	dot_10: autoDraw = False
479.6155 	EXP 	dot_1: autoDraw = False
479.6155 	EXP 	dot_2: autoDraw = False
479.6155 	EXP 	dot_3: autoDraw = False
479.6155 	EXP 	dot_4: autoDraw = False
479.6155 	EXP 	dot_5: autoDraw = False
479.6155 	EXP 	dot_6: autoDraw = False
479.6155 	EXP 	dot_7: autoDraw = False
479.6155 	EXP 	dot_8: autoDraw = False
479.6155 	EXP 	dot_9: autoDraw = False
479.6155 	EXP 	dot_10: autoDraw = False
479.6155 	EXP 	dot_2: borderColor = <psychopy.colors.Color: (0.0, 1.0, 0.0, 1.0)>
479.6155 	EXP 	dot_1: autoDraw = True
480.6154 	EXP 	dot_1: autoDraw = False
480.6154 	EXP 	dot_2: autoDraw = True
481.6157 	EXP 	dot_2: autoDraw = False
481.6157 	EXP 	dot_3: autoDraw = True
482.6154 	EXP 	dot_3: autoDraw = False
482.6154 	EXP 	dot_4: autoDraw = True
483.6155 	EXP 	dot_4: autoDraw = False
483.6155 	EXP 	dot_5: autoDraw = True
484.6156 	EXP 	dot_5: autoDraw = False
484.6156 	EXP 	dot_6: autoDraw = True
485.6156 	EXP 	dot_6: autoDraw = False
485.6156 	EXP 	dot_7: autoDraw = True
486.6154 	EXP 	dot_7: autoDraw = False
486.6154 	EXP 	dot_8: autoDraw = True
487.6153 	EXP 	dot_8: autoDraw = False
487.6153 	EXP 	dot_9: autoDraw = True
488.6154 	EXP 	dot_9: autoDraw = False
488.6154 	EXP 	dot_10: autoDraw = True
489.5997 	EXP 	New trial (rep=47, index=0): <Trial 47 (0 in rep 47) data={'thisN': 47, 'thisTrialN': 0, 'thisRepN': 47}>
489.6156 	EXP 	dot_10: autoDraw = False
489.6156 	EXP 	dot_1: autoDraw = False
489.6156 	EXP 	dot_2: autoDraw = False
489.6156 	EXP 	dot_3: autoDraw = False
489.6156 	EXP 	dot_4: autoDraw = False
489.6156 	EXP 	dot_5: autoDraw = False
489.6156 	EXP 	dot_6: autoDraw = False
489.6156 	EXP 	dot_7: autoDraw = False
489.6156 	EXP 	dot_8: autoDraw = False
489.6156 	EXP 	dot_9: autoDraw = False
489.6156 	EXP 	dot_10: autoDraw = False
489.6156 	EXP 	dot_2: borderColor = <psychopy.colors.Color: (0.0, 1.0, 0.0, 1.0)>
489.6156 	EXP 	dot_1: autoDraw = True
490.6153 	EXP 	dot_1: autoDraw = False
490.6153 	EXP 	dot_2: autoDraw = True
491.6156 	EXP 	dot_2: autoDraw = False
491.6156 	EXP 	dot_3: autoDraw = True
492.6156 	EXP 	dot_3: autoDraw = False
492.6156 	EXP 	dot_4: autoDraw = True
493.6156 	EXP 	dot_4: autoDraw = False
493.6156 	EXP 	dot_5: autoDraw = True
494.6156 	EXP 	dot_5: autoDraw = False
494.6156 	EXP 	dot_6: autoDraw = True
495.6152 	EXP 	dot_6: autoDraw = False
495.6152 	EXP 	dot_7: autoDraw = True
496.6153 	EXP 	dot_7: autoDraw = False
496.6153 	EXP 	dot_8: autoDraw = True
497.6154 	EXP 	dot_8: autoDraw = False
497.6154 	EXP 	dot_9: autoDraw = True
498.6156 	EXP 	dot_9: autoDraw = False
498.6156 	EXP 	dot_10: autoDraw = True
499.6000 	EXP 	New trial (rep=48, index=0): <Trial 48 (0 in rep 48) data={'thisN': 48, 'thisTrialN': 0, 'thisRepN': 48}>
499.6157 	EXP 	dot_10: autoDraw = False
499.6157 	EXP 	dot_1: autoDraw = False
499.6157 	EXP 	dot_2: autoDraw = False
499.6157 	EXP 	dot_3: autoDraw = False
499.6157 	EXP 	dot_4: autoDraw = False
499.6157 	EXP 	dot_5: autoDraw = False
499.6157 	EXP 	dot_6: autoDraw = False
499.6157 	EXP 	dot_7: autoDraw = False
499.6157 	EXP 	dot_8: autoDraw = False
499.6157 	EXP 	dot_9: autoDraw = False
499.6157 	EXP 	dot_10: autoDraw = False
499.6157 	EXP 	dot_2: borderColor = <psychopy.colors.Color: (0.0, 1.0, 0.0, 1.0)>
499.6157 	EXP 	dot_1: autoDraw = True
500.6153 	EXP 	dot_1: autoDraw = False
500.6153 	EXP 	dot_2: autoDraw = True
501.6156 	EXP 	dot_2: autoDraw = False
501.6156 	EXP 	dot_3: autoDraw = True
502.6154 	EXP 	dot_3: autoDraw = False
502.6154 	EXP 	dot_4: autoDraw = True
503.6156 	EXP 	dot_4: autoDraw = False
503.6156 	EXP 	dot_5: autoDraw = True
504.6153 	EXP 	dot_5: autoDraw = False
504.6153 	EXP 	dot_6: autoDraw = True
505.6158 	EXP 	dot_6: autoDraw = False
505.6158 	EXP 	dot_7: autoDraw = True
506.6153 	EXP 	dot_7: autoDraw = False
506.6153 	EXP 	dot_8: autoDraw = True
507.6152 	EXP 	dot_8: autoDraw = False
507.6152 	EXP 	dot_9: autoDraw = True
508.6153 	EXP 	dot_9: autoDraw = False
508.6153 	EXP 	dot_10: autoDraw = True
509.5995 	EXP 	New trial (rep=49, index=0): <Trial 49 (0 in rep 49) data={'thisN': 49, 'thisTrialN': 0, 'thisRepN': 49}>
509.6160 	EXP 	dot_10: autoDraw = False
509.6160 	EXP 	dot_1: autoDraw = False
509.6160 	EXP 	dot_2: autoDraw = False
509.6160 	EXP 	dot_3: autoDraw = False
509.6160 	EXP 	dot_4: autoDraw = False
509.6160 	EXP 	dot_5: autoDraw = False
509.6160 	EXP 	dot_6: autoDraw = False
509.6160 	EXP 	dot_7: autoDraw = False
509.6160 	EXP 	dot_8: autoDraw = False
509.6160 	EXP 	dot_9: autoDraw = False
509.6160 	EXP 	dot_10: autoDraw = False
509.6160 	EXP 	dot_2: borderColor = <psychopy.colors.Color: (0.0, 1.0, 0.0, 1.0)>
509.6160 	EXP 	dot_1: autoDraw = True
510.6151 	EXP 	dot_1: autoDraw = False
510.6151 	EXP 	dot_2: autoDraw = True
511.6156 	EXP 	dot_2: autoDraw = False
511.6156 	EXP 	dot_3: autoDraw = True
512.6154 	EXP 	dot_3: autoDraw = False
512.6154 	EXP 	dot_4: autoDraw = True
513.6156 	EXP 	dot_4: autoDraw = False
513.6156 	EXP 	dot_5: autoDraw = True
514.6152 	EXP 	dot_5: autoDraw = False
514.6152 	EXP 	dot_6: autoDraw = True
515.6154 	EXP 	dot_6: autoDraw = False
515.6154 	EXP 	dot_7: autoDraw = True
516.6153 	EXP 	dot_7: autoDraw = False
516.6153 	EXP 	dot_8: autoDraw = True
517.6154 	EXP 	dot_8: autoDraw = False
517.6154 	EXP 	dot_9: autoDraw = True
518.6155 	EXP 	dot_9: autoDraw = False
518.6155 	EXP 	dot_10: autoDraw = True
519.5993 	EXP 	New trial (rep=50, index=0): <Trial 50 (0 in rep 50) data={'thisN': 50, 'thisTrialN': 0, 'thisRepN': 50}>
519.6156 	EXP 	dot_10: autoDraw = False
519.6156 	EXP 	dot_1: autoDraw = False
519.6156 	EXP 	dot_2: autoDraw = False
519.6156 	EXP 	dot_3: autoDraw = False
519.6156 	EXP 	dot_4: autoDraw = False
519.6156 	EXP 	dot_5: autoDraw = False
519.6156 	EXP 	dot_6: autoDraw = False
519.6156 	EXP 	dot_7: autoDraw = False
519.6156 	EXP 	dot_8: autoDraw = False
519.6156 	EXP 	dot_9: autoDraw = False
519.6156 	EXP 	dot_10: autoDraw = False
519.6156 	EXP 	dot_2: borderColor = <psychopy.colors.Color: (0.0, 1.0, 0.0, 1.0)>
519.6156 	EXP 	dot_1: autoDraw = True
520.6154 	EXP 	dot_1: autoDraw = False
520.6154 	EXP 	dot_2: autoDraw = True
521.6152 	EXP 	dot_2: autoDraw = False
521.6152 	EXP 	dot_3: autoDraw = True
522.6152 	EXP 	dot_3: autoDraw = False
522.6152 	EXP 	dot_4: autoDraw = True
523.6152 	EXP 	dot_4: autoDraw = False
523.6152 	EXP 	dot_5: autoDraw = True
524.6154 	EXP 	dot_5: autoDraw = False
524.6154 	EXP 	dot_6: autoDraw = True
525.6156 	EXP 	dot_6: autoDraw = False
525.6156 	EXP 	dot_7: autoDraw = True
526.6154 	EXP 	dot_7: autoDraw = False
526.6154 	EXP 	dot_8: autoDraw = True
527.6158 	EXP 	dot_8: autoDraw = False
527.6158 	EXP 	dot_9: autoDraw = True
528.6156 	EXP 	dot_9: autoDraw = False
528.6156 	EXP 	dot_10: autoDraw = True
529.5999 	EXP 	New trial (rep=51, index=0): <Trial 51 (0 in rep 51) data={'thisN': 51, 'thisTrialN': 0, 'thisRepN': 51}>
529.6155 	EXP 	dot_10: autoDraw = False
529.6155 	EXP 	dot_1: autoDraw = False
529.6155 	EXP 	dot_2: autoDraw = False
529.6155 	EXP 	dot_3: autoDraw = False
529.6155 	EXP 	dot_4: autoDraw = False
529.6155 	EXP 	dot_5: autoDraw = False
529.6155 	EXP 	dot_6: autoDraw = False
529.6155 	EXP 	dot_7: autoDraw = False
529.6155 	EXP 	dot_8: autoDraw = False
529.6155 	EXP 	dot_9: autoDraw = False
529.6155 	EXP 	dot_10: autoDraw = False
529.6155 	EXP 	dot_2: borderColor = <psychopy.colors.Color: (0.0, 1.0, 0.0, 1.0)>
529.6155 	EXP 	dot_1: autoDraw = True
530.6152 	EXP 	dot_1: autoDraw = False
530.6152 	EXP 	dot_2: autoDraw = True
531.6152 	EXP 	dot_2: autoDraw = False
531.6152 	EXP 	dot_3: autoDraw = True
532.6155 	EXP 	dot_3: autoDraw = False
532.6155 	EXP 	dot_4: autoDraw = True
533.6153 	EXP 	dot_4: autoDraw = False
533.6153 	EXP 	dot_5: autoDraw = True
534.6152 	EXP 	dot_5: autoDraw = False
534.6152 	EXP 	dot_6: autoDraw = True
535.6156 	EXP 	dot_6: autoDraw = False
535.6156 	EXP 	dot_7: autoDraw = True
536.6157 	EXP 	dot_7: autoDraw = False
536.6157 	EXP 	dot_8: autoDraw = True
537.6154 	EXP 	dot_8: autoDraw = False
537.6154 	EXP 	dot_9: autoDraw = True
538.6154 	EXP 	dot_9: autoDraw = False
538.6154 	EXP 	dot_10: autoDraw = True
539.6003 	EXP 	New trial (rep=52, index=0): <Trial 52 (0 in rep 52) data={'thisN': 52, 'thisTrialN': 0, 'thisRepN': 52}>
539.6158 	EXP 	dot_10: autoDraw = False
539.6158 	EXP 	dot_1: autoDraw = False
539.6158 	EXP 	dot_2: autoDraw = False
539.6158 	EXP 	dot_3: autoDraw = False
539.6158 	EXP 	dot_4: autoDraw = False
539.6158 	EXP 	dot_5: autoDraw = False
539.6158 	EXP 	dot_6: autoDraw = False
539.6158 	EXP 	dot_7: autoDraw = False
539.6158 	EXP 	dot_8: autoDraw = False
539.6158 	EXP 	dot_9: autoDraw = False
539.6158 	EXP 	dot_10: autoDraw = False
539.6158 	EXP 	dot_2: borderColor = <psychopy.colors.Color: (0.0, 1.0, 0.0, 1.0)>
539.6158 	EXP 	dot_1: autoDraw = True
540.6155 	EXP 	dot_1: autoDraw = False
540.6155 	EXP 	dot_2: autoDraw = True
541.6153 	EXP 	dot_2: autoDraw = False
541.6153 	EXP 	dot_3: autoDraw = True
542.6151 	EXP 	dot_3: autoDraw = False
542.6151 	EXP 	dot_4: autoDraw = True
543.6154 	EXP 	dot_4: autoDraw = False
543.6154 	EXP 	dot_5: autoDraw = True
544.6158 	EXP 	dot_5: autoDraw = False
544.6158 	EXP 	dot_6: autoDraw = True
545.6154 	EXP 	dot_6: autoDraw = False
545.6154 	EXP 	dot_7: autoDraw = True
546.6154 	EXP 	dot_7: autoDraw = False
546.6154 	EXP 	dot_8: autoDraw = True
547.6154 	EXP 	dot_8: autoDraw = False
547.6154 	EXP 	dot_9: autoDraw = True
548.6152 	EXP 	dot_9: autoDraw = False
548.6152 	EXP 	dot_10: autoDraw = True
549.5992 	EXP 	New trial (rep=53, index=0): <Trial 53 (0 in rep 53) data={'thisN': 53, 'thisTrialN': 0, 'thisRepN': 53}>
549.6153 	EXP 	dot_10: autoDraw = False
549.6153 	EXP 	dot_1: autoDraw = False
549.6153 	EXP 	dot_2: autoDraw = False
549.6153 	EXP 	dot_3: autoDraw = False
549.6153 	EXP 	dot_4: autoDraw = False
549.6153 	EXP 	dot_5: autoDraw = False
549.6153 	EXP 	dot_6: autoDraw = False
549.6153 	EXP 	dot_7: autoDraw = False
549.6153 	EXP 	dot_8: autoDraw = False
549.6153 	EXP 	dot_9: autoDraw = False
549.6153 	EXP 	dot_10: autoDraw = False
549.6153 	EXP 	dot_2: borderColor = <psychopy.colors.Color: (0.0, 1.0, 0.0, 1.0)>
549.6153 	EXP 	dot_1: autoDraw = True
550.6155 	EXP 	dot_1: autoDraw = False
550.6155 	EXP 	dot_2: autoDraw = True
551.6153 	EXP 	dot_2: autoDraw = False
551.6153 	EXP 	dot_3: autoDraw = True
552.6151 	EXP 	dot_3: autoDraw = False
552.6151 	EXP 	dot_4: autoDraw = True
553.6152 	EXP 	dot_4: autoDraw = False
553.6152 	EXP 	dot_5: autoDraw = True
554.6153 	EXP 	dot_5: autoDraw = False
554.6153 	EXP 	dot_6: autoDraw = True
555.6155 	EXP 	dot_6: autoDraw = False
555.6155 	EXP 	dot_7: autoDraw = True
556.6153 	EXP 	dot_7: autoDraw = False
556.6153 	EXP 	dot_8: autoDraw = True
557.6153 	EXP 	dot_8: autoDraw = False
557.6153 	EXP 	dot_9: autoDraw = True
558.6155 	EXP 	dot_9: autoDraw = False
558.6155 	EXP 	dot_10: autoDraw = True
559.6000 	EXP 	New trial (rep=54, index=0): <Trial 54 (0 in rep 54) data={'thisN': 54, 'thisTrialN': 0, 'thisRepN': 54}>
559.6154 	EXP 	dot_10: autoDraw = False
559.6154 	EXP 	dot_1: autoDraw = False
559.6154 	EXP 	dot_2: autoDraw = False
559.6154 	EXP 	dot_3: autoDraw = False
559.6154 	EXP 	dot_4: autoDraw = False
559.6154 	EXP 	dot_5: autoDraw = False
559.6154 	EXP 	dot_6: autoDraw = False
559.6154 	EXP 	dot_7: autoDraw = False
559.6154 	EXP 	dot_8: autoDraw = False
559.6154 	EXP 	dot_9: autoDraw = False
559.6154 	EXP 	dot_10: autoDraw = False
559.6154 	EXP 	dot_2: borderColor = <psychopy.colors.Color: (0.0, 1.0, 0.0, 1.0)>
559.6154 	EXP 	dot_1: autoDraw = True
560.6152 	EXP 	dot_1: autoDraw = False
560.6152 	EXP 	dot_2: autoDraw = True
561.6154 	EXP 	dot_2: autoDraw = False
561.6154 	EXP 	dot_3: autoDraw = True
562.6152 	EXP 	dot_3: autoDraw = False
562.6152 	EXP 	dot_4: autoDraw = True
563.6152 	EXP 	dot_4: autoDraw = False
563.6152 	EXP 	dot_5: autoDraw = True
564.6152 	EXP 	dot_5: autoDraw = False
564.6152 	EXP 	dot_6: autoDraw = True
565.6153 	EXP 	dot_6: autoDraw = False
565.6153 	EXP 	dot_7: autoDraw = True
566.6155 	EXP 	dot_7: autoDraw = False
566.6155 	EXP 	dot_8: autoDraw = True
567.6154 	EXP 	dot_8: autoDraw = False
567.6154 	EXP 	dot_9: autoDraw = True
568.6157 	EXP 	dot_9: autoDraw = False
568.6157 	EXP 	dot_10: autoDraw = True
569.5997 	EXP 	New trial (rep=55, index=0): <Trial 55 (0 in rep 55) data={'thisN': 55, 'thisTrialN': 0, 'thisRepN': 55}>
569.6152 	EXP 	dot_10: autoDraw = False
569.6152 	EXP 	dot_1: autoDraw = False
569.6152 	EXP 	dot_2: autoDraw = False
569.6152 	EXP 	dot_3: autoDraw = False
569.6152 	EXP 	dot_4: autoDraw = False
569.6152 	EXP 	dot_5: autoDraw = False
569.6152 	EXP 	dot_6: autoDraw = False
569.6152 	EXP 	dot_7: autoDraw = False
569.6152 	EXP 	dot_8: autoDraw = False
569.6152 	EXP 	dot_9: autoDraw = False
569.6152 	EXP 	dot_10: autoDraw = False
569.6152 	EXP 	dot_2: borderColor = <psychopy.colors.Color: (0.0, 1.0, 0.0, 1.0)>
569.6152 	EXP 	dot_1: autoDraw = True
570.6154 	EXP 	dot_1: autoDraw = False
570.6154 	EXP 	dot_2: autoDraw = True
571.6154 	EXP 	dot_2: autoDraw = False
571.6154 	EXP 	dot_3: autoDraw = True
572.6153 	EXP 	dot_3: autoDraw = False
572.6153 	EXP 	dot_4: autoDraw = True
573.6154 	EXP 	dot_4: autoDraw = False
573.6154 	EXP 	dot_5: autoDraw = True
574.6154 	EXP 	dot_5: autoDraw = False
574.6154 	EXP 	dot_6: autoDraw = True
575.6154 	EXP 	dot_6: autoDraw = False
575.6154 	EXP 	dot_7: autoDraw = True
576.6153 	EXP 	dot_7: autoDraw = False
576.6153 	EXP 	dot_8: autoDraw = True
577.6154 	EXP 	dot_8: autoDraw = False
577.6154 	EXP 	dot_9: autoDraw = True
578.6154 	EXP 	dot_9: autoDraw = False
578.6154 	EXP 	dot_10: autoDraw = True
579.5990 	EXP 	New trial (rep=56, index=0): <Trial 56 (0 in rep 56) data={'thisN': 56, 'thisTrialN': 0, 'thisRepN': 56}>
579.6156 	EXP 	dot_10: autoDraw = False
579.6156 	EXP 	dot_1: autoDraw = False
579.6156 	EXP 	dot_2: autoDraw = False
579.6156 	EXP 	dot_3: autoDraw = False
579.6156 	EXP 	dot_4: autoDraw = False
579.6156 	EXP 	dot_5: autoDraw = False
579.6156 	EXP 	dot_6: autoDraw = False
579.6156 	EXP 	dot_7: autoDraw = False
579.6156 	EXP 	dot_8: autoDraw = False
579.6156 	EXP 	dot_9: autoDraw = False
579.6156 	EXP 	dot_10: autoDraw = False
579.6156 	EXP 	dot_2: borderColor = <psychopy.colors.Color: (0.0, 1.0, 0.0, 1.0)>
579.6156 	EXP 	dot_1: autoDraw = True
580.6153 	EXP 	dot_1: autoDraw = False
580.6153 	EXP 	dot_2: autoDraw = True
581.6155 	EXP 	dot_2: autoDraw = False
581.6155 	EXP 	dot_3: autoDraw = True
582.6157 	EXP 	dot_3: autoDraw = False
582.6157 	EXP 	dot_4: autoDraw = True
583.6152 	EXP 	dot_4: autoDraw = False
583.6152 	EXP 	dot_5: autoDraw = True
584.6152 	EXP 	dot_5: autoDraw = False
584.6152 	EXP 	dot_6: autoDraw = True
585.6155 	EXP 	dot_6: autoDraw = False
585.6155 	EXP 	dot_7: autoDraw = True
586.6152 	EXP 	dot_7: autoDraw = False
586.6152 	EXP 	dot_8: autoDraw = True
587.6151 	EXP 	dot_8: autoDraw = False
587.6151 	EXP 	dot_9: autoDraw = True
588.6153 	EXP 	dot_9: autoDraw = False
588.6153 	EXP 	dot_10: autoDraw = True
589.6000 	EXP 	New trial (rep=57, index=0): <Trial 57 (0 in rep 57) data={'thisN': 57, 'thisTrialN': 0, 'thisRepN': 57}>
589.6156 	EXP 	dot_10: autoDraw = False
589.6156 	EXP 	dot_1: autoDraw = False
589.6156 	EXP 	dot_2: autoDraw = False
589.6156 	EXP 	dot_3: autoDraw = False
589.6156 	EXP 	dot_4: autoDraw = False
589.6156 	EXP 	dot_5: autoDraw = False
589.6156 	EXP 	dot_6: autoDraw = False
589.6156 	EXP 	dot_7: autoDraw = False
589.6156 	EXP 	dot_8: autoDraw = False
589.6156 	EXP 	dot_9: autoDraw = False
589.6156 	EXP 	dot_10: autoDraw = False
589.6156 	EXP 	dot_2: borderColor = <psychopy.colors.Color: (0.0, 1.0, 0.0, 1.0)>
589.6156 	EXP 	dot_1: autoDraw = True
590.6154 	EXP 	dot_1: autoDraw = False
590.6154 	EXP 	dot_2: autoDraw = True
591.6152 	EXP 	dot_2: autoDraw = False
591.6152 	EXP 	dot_3: autoDraw = True
592.6154 	EXP 	dot_3: autoDraw = False
592.6154 	EXP 	dot_4: autoDraw = True
593.6153 	EXP 	dot_4: autoDraw = False
593.6153 	EXP 	dot_5: autoDraw = True
594.6154 	EXP 	dot_5: autoDraw = False
594.6154 	EXP 	dot_6: autoDraw = True
595.6155 	EXP 	dot_6: autoDraw = False
595.6155 	EXP 	dot_7: autoDraw = True
596.6157 	EXP 	dot_7: autoDraw = False
596.6157 	EXP 	dot_8: autoDraw = True
597.6154 	EXP 	dot_8: autoDraw = False
597.6154 	EXP 	dot_9: autoDraw = True
598.6155 	EXP 	dot_9: autoDraw = False
598.6155 	EXP 	dot_10: autoDraw = True
599.6000 	EXP 	New trial (rep=58, index=0): <Trial 58 (0 in rep 58) data={'thisN': 58, 'thisTrialN': 0, 'thisRepN': 58}>
599.6154 	EXP 	dot_10: autoDraw = False
599.6154 	EXP 	dot_1: autoDraw = False
599.6154 	EXP 	dot_2: autoDraw = False
599.6154 	EXP 	dot_3: autoDraw = False
599.6154 	EXP 	dot_4: autoDraw = False
599.6154 	EXP 	dot_5: autoDraw = False
599.6154 	EXP 	dot_6: autoDraw = False
599.6154 	EXP 	dot_7: autoDraw = False
599.6154 	EXP 	dot_8: autoDraw = False
599.6154 	EXP 	dot_9: autoDraw = False
599.6154 	EXP 	dot_10: autoDraw = False
599.6154 	EXP 	dot_2: borderColor = <psychopy.colors.Color: (0.0, 1.0, 0.0, 1.0)>
599.6154 	EXP 	dot_1: autoDraw = True
600.6151 	EXP 	dot_1: autoDraw = False
600.6151 	EXP 	dot_2: autoDraw = True
601.6154 	EXP 	dot_2: autoDraw = False
601.6154 	EXP 	dot_3: autoDraw = True
602.6153 	EXP 	dot_3: autoDraw = False
602.6153 	EXP 	dot_4: autoDraw = True
603.6155 	EXP 	dot_4: autoDraw = False
603.6155 	EXP 	dot_5: autoDraw = True
604.6154 	EXP 	dot_5: autoDraw = False
604.6154 	EXP 	dot_6: autoDraw = True
605.6154 	EXP 	dot_6: autoDraw = False
605.6154 	EXP 	dot_7: autoDraw = True
606.6153 	EXP 	dot_7: autoDraw = False
606.6153 	EXP 	dot_8: autoDraw = True
607.6157 	EXP 	dot_8: autoDraw = False
607.6157 	EXP 	dot_9: autoDraw = True
608.6155 	EXP 	dot_9: autoDraw = False
608.6155 	EXP 	dot_10: autoDraw = True
609.5996 	EXP 	New trial (rep=59, index=0): <Trial 59 (0 in rep 59) data={'thisN': 59, 'thisTrialN': 0, 'thisRepN': 59}>
609.6152 	EXP 	dot_10: autoDraw = False
609.6152 	EXP 	dot_1: autoDraw = False
609.6152 	EXP 	dot_2: autoDraw = False
609.6152 	EXP 	dot_3: autoDraw = False
609.6152 	EXP 	dot_4: autoDraw = False
609.6152 	EXP 	dot_5: autoDraw = False
609.6152 	EXP 	dot_6: autoDraw = False
609.6152 	EXP 	dot_7: autoDraw = False
609.6152 	EXP 	dot_8: autoDraw = False
609.6152 	EXP 	dot_9: autoDraw = False
609.6152 	EXP 	dot_10: autoDraw = False
609.6152 	EXP 	dot_2: borderColor = <psychopy.colors.Color: (0.0, 1.0, 0.0, 1.0)>
609.6152 	EXP 	dot_1: autoDraw = True
610.6153 	EXP 	dot_1: autoDraw = False
610.6153 	EXP 	dot_2: autoDraw = True
611.6155 	EXP 	dot_2: autoDraw = False
611.6155 	EXP 	dot_3: autoDraw = True
612.6152 	EXP 	dot_3: autoDraw = False
612.6152 	EXP 	dot_4: autoDraw = True
613.6151 	EXP 	dot_4: autoDraw = False
613.6151 	EXP 	dot_5: autoDraw = True
614.6151 	EXP 	dot_5: autoDraw = False
614.6151 	EXP 	dot_6: autoDraw = True
615.6158 	EXP 	dot_6: autoDraw = False
615.6158 	EXP 	dot_7: autoDraw = True
616.6153 	EXP 	dot_7: autoDraw = False
616.6153 	EXP 	dot_8: autoDraw = True
617.6153 	EXP 	dot_8: autoDraw = False
617.6153 	EXP 	dot_9: autoDraw = True
618.6152 	EXP 	dot_9: autoDraw = False
618.6152 	EXP 	dot_10: autoDraw = True
619.5994 	EXP 	New trial (rep=60, index=0): <Trial 60 (0 in rep 60) data={'thisN': 60, 'thisTrialN': 0, 'thisRepN': 60}>
619.6154 	EXP 	dot_10: autoDraw = False
619.6154 	EXP 	dot_1: autoDraw = False
619.6154 	EXP 	dot_2: autoDraw = False
619.6154 	EXP 	dot_3: autoDraw = False
619.6154 	EXP 	dot_4: autoDraw = False
619.6154 	EXP 	dot_5: autoDraw = False
619.6154 	EXP 	dot_6: autoDraw = False
619.6154 	EXP 	dot_7: autoDraw = False
619.6154 	EXP 	dot_8: autoDraw = False
619.6154 	EXP 	dot_9: autoDraw = False
619.6154 	EXP 	dot_10: autoDraw = False
619.6154 	EXP 	dot_2: borderColor = <psychopy.colors.Color: (0.0, 1.0, 0.0, 1.0)>
619.6154 	EXP 	dot_1: autoDraw = True
620.6155 	EXP 	dot_1: autoDraw = False
620.6155 	EXP 	dot_2: autoDraw = True
621.6151 	EXP 	dot_2: autoDraw = False
621.6151 	EXP 	dot_3: autoDraw = True
622.6152 	EXP 	dot_3: autoDraw = False
622.6152 	EXP 	dot_4: autoDraw = True
623.6154 	EXP 	dot_4: autoDraw = False
623.6154 	EXP 	dot_5: autoDraw = True
624.6154 	EXP 	dot_5: autoDraw = False
624.6154 	EXP 	dot_6: autoDraw = True
625.6154 	EXP 	dot_6: autoDraw = False
625.6154 	EXP 	dot_7: autoDraw = True
626.6153 	EXP 	dot_7: autoDraw = False
626.6153 	EXP 	dot_8: autoDraw = True
627.6152 	EXP 	dot_8: autoDraw = False
627.6152 	EXP 	dot_9: autoDraw = True
628.6153 	EXP 	dot_9: autoDraw = False
628.6153 	EXP 	dot_10: autoDraw = True
629.5993 	EXP 	New trial (rep=61, index=0): <Trial 61 (0 in rep 61) data={'thisN': 61, 'thisTrialN': 0, 'thisRepN': 61}>
629.6153 	EXP 	dot_10: autoDraw = False
629.6153 	EXP 	dot_1: autoDraw = False
629.6153 	EXP 	dot_2: autoDraw = False
629.6153 	EXP 	dot_3: autoDraw = False
629.6153 	EXP 	dot_4: autoDraw = False
629.6153 	EXP 	dot_5: autoDraw = False
629.6153 	EXP 	dot_6: autoDraw = False
629.6153 	EXP 	dot_7: autoDraw = False
629.6153 	EXP 	dot_8: autoDraw = False
629.6153 	EXP 	dot_9: autoDraw = False
629.6153 	EXP 	dot_10: autoDraw = False
629.6153 	EXP 	dot_2: borderColor = <psychopy.colors.Color: (0.0, 1.0, 0.0, 1.0)>
629.6153 	EXP 	dot_1: autoDraw = True
630.6151 	EXP 	dot_1: autoDraw = False
630.6151 	EXP 	dot_2: autoDraw = True
631.6154 	EXP 	dot_2: autoDraw = False
631.6154 	EXP 	dot_3: autoDraw = True
632.6155 	EXP 	dot_3: autoDraw = False
632.6155 	EXP 	dot_4: autoDraw = True
633.6155 	EXP 	dot_4: autoDraw = False
633.6155 	EXP 	dot_5: autoDraw = True
634.6152 	EXP 	dot_5: autoDraw = False
634.6152 	EXP 	dot_6: autoDraw = True
635.6156 	EXP 	dot_6: autoDraw = False
635.6156 	EXP 	dot_7: autoDraw = True
636.6151 	EXP 	dot_7: autoDraw = False
636.6151 	EXP 	dot_8: autoDraw = True
637.6154 	EXP 	dot_8: autoDraw = False
637.6154 	EXP 	dot_9: autoDraw = True
638.6154 	EXP 	dot_9: autoDraw = False
638.6154 	EXP 	dot_10: autoDraw = True
639.5994 	EXP 	New trial (rep=62, index=0): <Trial 62 (0 in rep 62) data={'thisN': 62, 'thisTrialN': 0, 'thisRepN': 62}>
639.6155 	EXP 	dot_10: autoDraw = False
639.6155 	EXP 	dot_1: autoDraw = False
639.6155 	EXP 	dot_2: autoDraw = False
639.6155 	EXP 	dot_3: autoDraw = False
639.6155 	EXP 	dot_4: autoDraw = False
639.6155 	EXP 	dot_5: autoDraw = False
639.6155 	EXP 	dot_6: autoDraw = False
639.6155 	EXP 	dot_7: autoDraw = False
639.6155 	EXP 	dot_8: autoDraw = False
639.6155 	EXP 	dot_9: autoDraw = False
639.6155 	EXP 	dot_10: autoDraw = False
639.6155 	EXP 	dot_2: borderColor = <psychopy.colors.Color: (0.0, 1.0, 0.0, 1.0)>
639.6155 	EXP 	dot_1: autoDraw = True
640.6155 	EXP 	dot_1: autoDraw = False
640.6155 	EXP 	dot_2: autoDraw = True
641.6154 	EXP 	dot_2: autoDraw = False
641.6154 	EXP 	dot_3: autoDraw = True
642.6157 	EXP 	dot_3: autoDraw = False
642.6157 	EXP 	dot_4: autoDraw = True
643.6155 	EXP 	dot_4: autoDraw = False
643.6155 	EXP 	dot_5: autoDraw = True
644.6152 	EXP 	dot_5: autoDraw = False
644.6152 	EXP 	dot_6: autoDraw = True
645.6151 	EXP 	dot_6: autoDraw = False
645.6151 	EXP 	dot_7: autoDraw = True
646.6152 	EXP 	dot_7: autoDraw = False
646.6152 	EXP 	dot_8: autoDraw = True
647.6157 	EXP 	dot_8: autoDraw = False
647.6157 	EXP 	dot_9: autoDraw = True
648.6152 	EXP 	dot_9: autoDraw = False
648.6152 	EXP 	dot_10: autoDraw = True
649.6004 	EXP 	New trial (rep=63, index=0): <Trial 63 (0 in rep 63) data={'thisN': 63, 'thisTrialN': 0, 'thisRepN': 63}>
649.6154 	EXP 	dot_10: autoDraw = False
649.6154 	EXP 	dot_1: autoDraw = False
649.6154 	EXP 	dot_2: autoDraw = False
649.6154 	EXP 	dot_3: autoDraw = False
649.6154 	EXP 	dot_4: autoDraw = False
649.6154 	EXP 	dot_5: autoDraw = False
649.6154 	EXP 	dot_6: autoDraw = False
649.6154 	EXP 	dot_7: autoDraw = False
649.6154 	EXP 	dot_8: autoDraw = False
649.6154 	EXP 	dot_9: autoDraw = False
649.6154 	EXP 	dot_10: autoDraw = False
649.6154 	EXP 	dot_2: borderColor = <psychopy.colors.Color: (0.0, 1.0, 0.0, 1.0)>
649.6154 	EXP 	dot_1: autoDraw = True
650.6151 	EXP 	dot_1: autoDraw = False
650.6151 	EXP 	dot_2: autoDraw = True
651.6153 	EXP 	dot_2: autoDraw = False
651.6153 	EXP 	dot_3: autoDraw = True
652.6155 	EXP 	dot_3: autoDraw = False
652.6155 	EXP 	dot_4: autoDraw = True
653.6153 	EXP 	dot_4: autoDraw = False
653.6153 	EXP 	dot_5: autoDraw = True
654.6154 	EXP 	dot_5: autoDraw = False
654.6154 	EXP 	dot_6: autoDraw = True
655.6154 	EXP 	dot_6: autoDraw = False
655.6154 	EXP 	dot_7: autoDraw = True
656.6151 	EXP 	dot_7: autoDraw = False
656.6151 	EXP 	dot_8: autoDraw = True
657.6152 	EXP 	dot_8: autoDraw = False
657.6152 	EXP 	dot_9: autoDraw = True
658.6155 	EXP 	dot_9: autoDraw = False
658.6155 	EXP 	dot_10: autoDraw = True
659.5990 	EXP 	New trial (rep=64, index=0): <Trial 64 (0 in rep 64) data={'thisN': 64, 'thisTrialN': 0, 'thisRepN': 64}>
659.6152 	EXP 	dot_10: autoDraw = False
659.6152 	EXP 	dot_1: autoDraw = False
659.6152 	EXP 	dot_2: autoDraw = False
659.6152 	EXP 	dot_3: autoDraw = False
659.6152 	EXP 	dot_4: autoDraw = False
659.6152 	EXP 	dot_5: autoDraw = False
659.6152 	EXP 	dot_6: autoDraw = False
659.6152 	EXP 	dot_7: autoDraw = False
659.6152 	EXP 	dot_8: autoDraw = False
659.6152 	EXP 	dot_9: autoDraw = False
659.6152 	EXP 	dot_10: autoDraw = False
659.6152 	EXP 	dot_2: borderColor = <psychopy.colors.Color: (0.0, 1.0, 0.0, 1.0)>
659.6152 	EXP 	dot_1: autoDraw = True
660.6152 	EXP 	dot_1: autoDraw = False
660.6152 	EXP 	dot_2: autoDraw = True
661.6152 	EXP 	dot_2: autoDraw = False
661.6152 	EXP 	dot_3: autoDraw = True
662.6153 	EXP 	dot_3: autoDraw = False
662.6153 	EXP 	dot_4: autoDraw = True
663.6156 	EXP 	dot_4: autoDraw = False
663.6156 	EXP 	dot_5: autoDraw = True
664.6151 	EXP 	dot_5: autoDraw = False
664.6151 	EXP 	dot_6: autoDraw = True
665.6151 	EXP 	dot_6: autoDraw = False
665.6151 	EXP 	dot_7: autoDraw = True
666.6152 	EXP 	dot_7: autoDraw = False
666.6152 	EXP 	dot_8: autoDraw = True
667.6152 	EXP 	dot_8: autoDraw = False
667.6152 	EXP 	dot_9: autoDraw = True
668.6153 	EXP 	dot_9: autoDraw = False
668.6153 	EXP 	dot_10: autoDraw = True
669.5992 	EXP 	New trial (rep=65, index=0): <Trial 65 (0 in rep 65) data={'thisN': 65, 'thisTrialN': 0, 'thisRepN': 65}>
669.6150 	EXP 	dot_10: autoDraw = False
669.6150 	EXP 	dot_1: autoDraw = False
669.6150 	EXP 	dot_2: autoDraw = False
669.6150 	EXP 	dot_3: autoDraw = False
669.6150 	EXP 	dot_4: autoDraw = False
669.6150 	EXP 	dot_5: autoDraw = False
669.6150 	EXP 	dot_6: autoDraw = False
669.6150 	EXP 	dot_7: autoDraw = False
669.6150 	EXP 	dot_8: autoDraw = False
669.6150 	EXP 	dot_9: autoDraw = False
669.6150 	EXP 	dot_10: autoDraw = False
669.6150 	EXP 	dot_2: borderColor = <psychopy.colors.Color: (0.0, 1.0, 0.0, 1.0)>
669.6150 	EXP 	dot_1: autoDraw = True
670.6151 	EXP 	dot_1: autoDraw = False
670.6151 	EXP 	dot_2: autoDraw = True
671.6153 	EXP 	dot_2: autoDraw = False
671.6153 	EXP 	dot_3: autoDraw = True
672.6150 	EXP 	dot_3: autoDraw = False
672.6150 	EXP 	dot_4: autoDraw = True
673.6153 	EXP 	dot_4: autoDraw = False
673.6153 	EXP 	dot_5: autoDraw = True
674.6152 	EXP 	dot_5: autoDraw = False
674.6152 	EXP 	dot_6: autoDraw = True
675.6152 	EXP 	dot_6: autoDraw = False
675.6152 	EXP 	dot_7: autoDraw = True
676.6154 	EXP 	dot_7: autoDraw = False
676.6154 	EXP 	dot_8: autoDraw = True
677.6152 	EXP 	dot_8: autoDraw = False
677.6152 	EXP 	dot_9: autoDraw = True
678.6152 	EXP 	dot_9: autoDraw = False
678.6152 	EXP 	dot_10: autoDraw = True
679.6001 	EXP 	New trial (rep=66, index=0): <Trial 66 (0 in rep 66) data={'thisN': 66, 'thisTrialN': 0, 'thisRepN': 66}>
679.6152 	EXP 	dot_10: autoDraw = False
679.6152 	EXP 	dot_1: autoDraw = False
679.6152 	EXP 	dot_2: autoDraw = False
679.6152 	EXP 	dot_3: autoDraw = False
679.6152 	EXP 	dot_4: autoDraw = False
679.6152 	EXP 	dot_5: autoDraw = False
679.6152 	EXP 	dot_6: autoDraw = False
679.6152 	EXP 	dot_7: autoDraw = False
679.6152 	EXP 	dot_8: autoDraw = False
679.6152 	EXP 	dot_9: autoDraw = False
679.6152 	EXP 	dot_10: autoDraw = False
679.6152 	EXP 	dot_2: borderColor = <psychopy.colors.Color: (0.0, 1.0, 0.0, 1.0)>
679.6152 	EXP 	dot_1: autoDraw = True
680.6153 	EXP 	dot_1: autoDraw = False
680.6153 	EXP 	dot_2: autoDraw = True
681.6151 	EXP 	dot_2: autoDraw = False
681.6151 	EXP 	dot_3: autoDraw = True
682.6152 	EXP 	dot_3: autoDraw = False
682.6152 	EXP 	dot_4: autoDraw = True
683.6154 	EXP 	dot_4: autoDraw = False
683.6154 	EXP 	dot_5: autoDraw = True
684.6154 	EXP 	dot_5: autoDraw = False
684.6154 	EXP 	dot_6: autoDraw = True
685.6150 	EXP 	dot_6: autoDraw = False
685.6150 	EXP 	dot_7: autoDraw = True
686.6150 	EXP 	dot_7: autoDraw = False
686.6150 	EXP 	dot_8: autoDraw = True
687.6152 	EXP 	dot_8: autoDraw = False
687.6152 	EXP 	dot_9: autoDraw = True
688.6155 	EXP 	dot_9: autoDraw = False
688.6155 	EXP 	dot_10: autoDraw = True
689.6004 	EXP 	New trial (rep=67, index=0): <Trial 67 (0 in rep 67) data={'thisN': 67, 'thisTrialN': 0, 'thisRepN': 67}>
689.6152 	EXP 	dot_10: autoDraw = False
689.6152 	EXP 	dot_1: autoDraw = False
689.6152 	EXP 	dot_2: autoDraw = False
689.6152 	EXP 	dot_3: autoDraw = False
689.6152 	EXP 	dot_4: autoDraw = False
689.6152 	EXP 	dot_5: autoDraw = False
689.6152 	EXP 	dot_6: autoDraw = False
689.6152 	EXP 	dot_7: autoDraw = False
689.6152 	EXP 	dot_8: autoDraw = False
689.6152 	EXP 	dot_9: autoDraw = False
689.6152 	EXP 	dot_10: autoDraw = False
689.6152 	EXP 	dot_2: borderColor = <psychopy.colors.Color: (0.0, 1.0, 0.0, 1.0)>
689.6152 	EXP 	dot_1: autoDraw = True
690.6155 	EXP 	dot_1: autoDraw = False
690.6155 	EXP 	dot_2: autoDraw = True
691.6153 	EXP 	dot_2: autoDraw = False
691.6153 	EXP 	dot_3: autoDraw = True
692.6156 	EXP 	dot_3: autoDraw = False
692.6156 	EXP 	dot_4: autoDraw = True
693.6153 	EXP 	dot_4: autoDraw = False
693.6153 	EXP 	dot_5: autoDraw = True
694.6153 	EXP 	dot_5: autoDraw = False
694.6153 	EXP 	dot_6: autoDraw = True
695.6155 	EXP 	dot_6: autoDraw = False
695.6155 	EXP 	dot_7: autoDraw = True
696.6152 	EXP 	dot_7: autoDraw = False
696.6152 	EXP 	dot_8: autoDraw = True
697.6156 	EXP 	dot_8: autoDraw = False
697.6156 	EXP 	dot_9: autoDraw = True
698.6153 	EXP 	dot_9: autoDraw = False
698.6153 	EXP 	dot_10: autoDraw = True
699.5993 	EXP 	New trial (rep=68, index=0): <Trial 68 (0 in rep 68) data={'thisN': 68, 'thisTrialN': 0, 'thisRepN': 68}>
699.6151 	EXP 	dot_10: autoDraw = False
699.6151 	EXP 	dot_1: autoDraw = False
699.6151 	EXP 	dot_2: autoDraw = False
699.6151 	EXP 	dot_3: autoDraw = False
699.6151 	EXP 	dot_4: autoDraw = False
699.6151 	EXP 	dot_5: autoDraw = False
699.6151 	EXP 	dot_6: autoDraw = False
699.6151 	EXP 	dot_7: autoDraw = False
699.6151 	EXP 	dot_8: autoDraw = False
699.6151 	EXP 	dot_9: autoDraw = False
699.6151 	EXP 	dot_10: autoDraw = False
699.6151 	EXP 	dot_2: borderColor = <psychopy.colors.Color: (0.0, 1.0, 0.0, 1.0)>
699.6151 	EXP 	dot_1: autoDraw = True
700.6156 	EXP 	dot_1: autoDraw = False
700.6156 	EXP 	dot_2: autoDraw = True
701.6152 	EXP 	dot_2: autoDraw = False
701.6152 	EXP 	dot_3: autoDraw = True
702.6151 	EXP 	dot_3: autoDraw = False
702.6151 	EXP 	dot_4: autoDraw = True
703.6152 	EXP 	dot_4: autoDraw = False
703.6152 	EXP 	dot_5: autoDraw = True
704.6152 	EXP 	dot_5: autoDraw = False
704.6152 	EXP 	dot_6: autoDraw = True
705.6157 	EXP 	dot_6: autoDraw = False
705.6157 	EXP 	dot_7: autoDraw = True
706.6154 	EXP 	dot_7: autoDraw = False
706.6154 	EXP 	dot_8: autoDraw = True
707.6156 	EXP 	dot_8: autoDraw = False
707.6156 	EXP 	dot_9: autoDraw = True
708.6153 	EXP 	dot_9: autoDraw = False
708.6153 	EXP 	dot_10: autoDraw = True
709.5998 	EXP 	New trial (rep=69, index=0): <Trial 69 (0 in rep 69) data={'thisN': 69, 'thisTrialN': 0, 'thisRepN': 69}>
709.6151 	EXP 	dot_10: autoDraw = False
709.6151 	EXP 	dot_1: autoDraw = False
709.6151 	EXP 	dot_2: autoDraw = False
709.6151 	EXP 	dot_3: autoDraw = False
709.6151 	EXP 	dot_4: autoDraw = False
709.6151 	EXP 	dot_5: autoDraw = False
709.6151 	EXP 	dot_6: autoDraw = False
709.6151 	EXP 	dot_7: autoDraw = False
709.6151 	EXP 	dot_8: autoDraw = False
709.6151 	EXP 	dot_9: autoDraw = False
709.6151 	EXP 	dot_10: autoDraw = False
709.6151 	EXP 	dot_2: borderColor = <psychopy.colors.Color: (0.0, 1.0, 0.0, 1.0)>
709.6151 	EXP 	dot_1: autoDraw = True
710.6152 	EXP 	dot_1: autoDraw = False
710.6152 	EXP 	dot_2: autoDraw = True
711.6152 	EXP 	dot_2: autoDraw = False
711.6152 	EXP 	dot_3: autoDraw = True
712.6150 	EXP 	dot_3: autoDraw = False
712.6150 	EXP 	dot_4: autoDraw = True
713.6155 	EXP 	dot_4: autoDraw = False
713.6155 	EXP 	dot_5: autoDraw = True
714.6150 	EXP 	dot_5: autoDraw = False
714.6150 	EXP 	dot_6: autoDraw = True
715.6152 	EXP 	dot_6: autoDraw = False
715.6152 	EXP 	dot_7: autoDraw = True
716.6152 	EXP 	dot_7: autoDraw = False
716.6152 	EXP 	dot_8: autoDraw = True
717.6155 	EXP 	dot_8: autoDraw = False
717.6155 	EXP 	dot_9: autoDraw = True
718.6151 	EXP 	dot_9: autoDraw = False
718.6151 	EXP 	dot_10: autoDraw = True
719.5996 	EXP 	New trial (rep=70, index=0): <Trial 70 (0 in rep 70) data={'thisN': 70, 'thisTrialN': 0, 'thisRepN': 70}>
719.6150 	EXP 	dot_10: autoDraw = False
719.6150 	EXP 	dot_1: autoDraw = False
719.6150 	EXP 	dot_2: autoDraw = False
719.6150 	EXP 	dot_3: autoDraw = False
719.6150 	EXP 	dot_4: autoDraw = False
719.6150 	EXP 	dot_5: autoDraw = False
719.6150 	EXP 	dot_6: autoDraw = False
719.6150 	EXP 	dot_7: autoDraw = False
719.6150 	EXP 	dot_8: autoDraw = False
719.6150 	EXP 	dot_9: autoDraw = False
719.6150 	EXP 	dot_10: autoDraw = False
719.6150 	EXP 	dot_2: borderColor = <psychopy.colors.Color: (0.0, 1.0, 0.0, 1.0)>
719.6150 	EXP 	dot_1: autoDraw = True
720.6152 	EXP 	dot_1: autoDraw = False
720.6152 	EXP 	dot_2: autoDraw = True
721.6152 	EXP 	dot_2: autoDraw = False
721.6152 	EXP 	dot_3: autoDraw = True
722.6152 	EXP 	dot_3: autoDraw = False
722.6152 	EXP 	dot_4: autoDraw = True
723.6152 	EXP 	dot_4: autoDraw = False
723.6152 	EXP 	dot_5: autoDraw = True
724.6152 	EXP 	dot_5: autoDraw = False
724.6152 	EXP 	dot_6: autoDraw = True
725.6150 	EXP 	dot_6: autoDraw = False
725.6150 	EXP 	dot_7: autoDraw = True
726.6153 	EXP 	dot_7: autoDraw = False
726.6153 	EXP 	dot_8: autoDraw = True
727.6155 	EXP 	dot_8: autoDraw = False
727.6155 	EXP 	dot_9: autoDraw = True
728.6153 	EXP 	dot_9: autoDraw = False
728.6153 	EXP 	dot_10: autoDraw = True
729.5999 	EXP 	New trial (rep=71, index=0): <Trial 71 (0 in rep 71) data={'thisN': 71, 'thisTrialN': 0, 'thisRepN': 71}>
729.6152 	EXP 	dot_10: autoDraw = False
729.6152 	EXP 	dot_1: autoDraw = False
729.6152 	EXP 	dot_2: autoDraw = False
729.6152 	EXP 	dot_3: autoDraw = False
729.6152 	EXP 	dot_4: autoDraw = False
729.6152 	EXP 	dot_5: autoDraw = False
729.6152 	EXP 	dot_6: autoDraw = False
729.6152 	EXP 	dot_7: autoDraw = False
729.6152 	EXP 	dot_8: autoDraw = False
729.6152 	EXP 	dot_9: autoDraw = False
729.6152 	EXP 	dot_10: autoDraw = False
729.6152 	EXP 	dot_2: borderColor = <psychopy.colors.Color: (0.0, 1.0, 0.0, 1.0)>
729.6152 	EXP 	dot_1: autoDraw = True
730.6154 	EXP 	dot_1: autoDraw = False
730.6154 	EXP 	dot_2: autoDraw = True
731.6151 	EXP 	dot_2: autoDraw = False
731.6151 	EXP 	dot_3: autoDraw = True
732.6154 	EXP 	dot_3: autoDraw = False
732.6154 	EXP 	dot_4: autoDraw = True
733.6153 	EXP 	dot_4: autoDraw = False
733.6153 	EXP 	dot_5: autoDraw = True
734.6153 	EXP 	dot_5: autoDraw = False
734.6153 	EXP 	dot_6: autoDraw = True
735.6152 	EXP 	dot_6: autoDraw = False
735.6152 	EXP 	dot_7: autoDraw = True
736.6151 	EXP 	dot_7: autoDraw = False
736.6151 	EXP 	dot_8: autoDraw = True
737.6151 	EXP 	dot_8: autoDraw = False
737.6151 	EXP 	dot_9: autoDraw = True
738.6154 	EXP 	dot_9: autoDraw = False
738.6154 	EXP 	dot_10: autoDraw = True
739.6000 	EXP 	New trial (rep=72, index=0): <Trial 72 (0 in rep 72) data={'thisN': 72, 'thisTrialN': 0, 'thisRepN': 72}>
739.6152 	EXP 	dot_10: autoDraw = False
739.6152 	EXP 	dot_1: autoDraw = False
739.6152 	EXP 	dot_2: autoDraw = False
739.6152 	EXP 	dot_3: autoDraw = False
739.6152 	EXP 	dot_4: autoDraw = False
739.6152 	EXP 	dot_5: autoDraw = False
739.6152 	EXP 	dot_6: autoDraw = False
739.6152 	EXP 	dot_7: autoDraw = False
739.6152 	EXP 	dot_8: autoDraw = False
739.6152 	EXP 	dot_9: autoDraw = False
739.6152 	EXP 	dot_10: autoDraw = False
739.6152 	EXP 	dot_2: borderColor = <psychopy.colors.Color: (0.0, 1.0, 0.0, 1.0)>
739.6152 	EXP 	dot_1: autoDraw = True
740.6150 	EXP 	dot_1: autoDraw = False
740.6150 	EXP 	dot_2: autoDraw = True
741.6156 	EXP 	dot_2: autoDraw = False
741.6156 	EXP 	dot_3: autoDraw = True
742.6153 	EXP 	dot_3: autoDraw = False
742.6153 	EXP 	dot_4: autoDraw = True
743.6152 	EXP 	dot_4: autoDraw = False
743.6152 	EXP 	dot_5: autoDraw = True
744.6154 	EXP 	dot_5: autoDraw = False
744.6154 	EXP 	dot_6: autoDraw = True
745.6156 	EXP 	dot_6: autoDraw = False
745.6156 	EXP 	dot_7: autoDraw = True
746.6154 	EXP 	dot_7: autoDraw = False
746.6154 	EXP 	dot_8: autoDraw = True
747.6153 	EXP 	dot_8: autoDraw = False
747.6153 	EXP 	dot_9: autoDraw = True
748.6154 	EXP 	dot_9: autoDraw = False
748.6154 	EXP 	dot_10: autoDraw = True
749.6000 	EXP 	New trial (rep=73, index=0): <Trial 73 (0 in rep 73) data={'thisN': 73, 'thisTrialN': 0, 'thisRepN': 73}>
749.6153 	EXP 	dot_10: autoDraw = False
749.6153 	EXP 	dot_1: autoDraw = False
749.6153 	EXP 	dot_2: autoDraw = False
749.6153 	EXP 	dot_3: autoDraw = False
749.6153 	EXP 	dot_4: autoDraw = False
749.6153 	EXP 	dot_5: autoDraw = False
749.6153 	EXP 	dot_6: autoDraw = False
749.6153 	EXP 	dot_7: autoDraw = False
749.6153 	EXP 	dot_8: autoDraw = False
749.6153 	EXP 	dot_9: autoDraw = False
749.6153 	EXP 	dot_10: autoDraw = False
749.6153 	EXP 	dot_2: borderColor = <psychopy.colors.Color: (0.0, 1.0, 0.0, 1.0)>
749.6153 	EXP 	dot_1: autoDraw = True
750.6155 	EXP 	dot_1: autoDraw = False
750.6155 	EXP 	dot_2: autoDraw = True
751.6151 	EXP 	dot_2: autoDraw = False
751.6151 	EXP 	dot_3: autoDraw = True
752.6152 	EXP 	dot_3: autoDraw = False
752.6152 	EXP 	dot_4: autoDraw = True
753.6154 	EXP 	dot_4: autoDraw = False
753.6154 	EXP 	dot_5: autoDraw = True
754.6152 	EXP 	dot_5: autoDraw = False
754.6152 	EXP 	dot_6: autoDraw = True
755.6153 	EXP 	dot_6: autoDraw = False
755.6153 	EXP 	dot_7: autoDraw = True
756.6155 	EXP 	dot_7: autoDraw = False
756.6155 	EXP 	dot_8: autoDraw = True
757.6156 	EXP 	dot_8: autoDraw = False
757.6156 	EXP 	dot_9: autoDraw = True
758.6152 	EXP 	dot_9: autoDraw = False
758.6152 	EXP 	dot_10: autoDraw = True
759.6000 	EXP 	New trial (rep=74, index=0): <Trial 74 (0 in rep 74) data={'thisN': 74, 'thisTrialN': 0, 'thisRepN': 74}>
759.6150 	EXP 	dot_10: autoDraw = False
759.6150 	EXP 	dot_1: autoDraw = False
759.6150 	EXP 	dot_2: autoDraw = False
759.6150 	EXP 	dot_3: autoDraw = False
759.6150 	EXP 	dot_4: autoDraw = False
759.6150 	EXP 	dot_5: autoDraw = False
759.6150 	EXP 	dot_6: autoDraw = False
759.6150 	EXP 	dot_7: autoDraw = False
759.6150 	EXP 	dot_8: autoDraw = False
759.6150 	EXP 	dot_9: autoDraw = False
759.6150 	EXP 	dot_10: autoDraw = False
759.6150 	EXP 	dot_2: borderColor = <psychopy.colors.Color: (0.0, 1.0, 0.0, 1.0)>
759.6150 	EXP 	dot_1: autoDraw = True
760.6153 	EXP 	dot_1: autoDraw = False
760.6153 	EXP 	dot_2: autoDraw = True
761.6150 	EXP 	dot_2: autoDraw = False
761.6150 	EXP 	dot_3: autoDraw = True
762.6153 	EXP 	dot_3: autoDraw = False
762.6153 	EXP 	dot_4: autoDraw = True
763.6155 	EXP 	dot_4: autoDraw = False
763.6155 	EXP 	dot_5: autoDraw = True
764.6155 	EXP 	dot_5: autoDraw = False
764.6155 	EXP 	dot_6: autoDraw = True
765.6153 	EXP 	dot_6: autoDraw = False
765.6153 	EXP 	dot_7: autoDraw = True
766.6152 	EXP 	dot_7: autoDraw = False
766.6152 	EXP 	dot_8: autoDraw = True
767.6153 	EXP 	dot_8: autoDraw = False
767.6153 	EXP 	dot_9: autoDraw = True
768.6150 	EXP 	dot_9: autoDraw = False
768.6150 	EXP 	dot_10: autoDraw = True
769.5999 	EXP 	New trial (rep=75, index=0): <Trial 75 (0 in rep 75) data={'thisN': 75, 'thisTrialN': 0, 'thisRepN': 75}>
769.6151 	EXP 	dot_10: autoDraw = False
769.6151 	EXP 	dot_1: autoDraw = False
769.6151 	EXP 	dot_2: autoDraw = False
769.6151 	EXP 	dot_3: autoDraw = False
769.6151 	EXP 	dot_4: autoDraw = False
769.6151 	EXP 	dot_5: autoDraw = False
769.6151 	EXP 	dot_6: autoDraw = False
769.6151 	EXP 	dot_7: autoDraw = False
769.6151 	EXP 	dot_8: autoDraw = False
769.6151 	EXP 	dot_9: autoDraw = False
769.6151 	EXP 	dot_10: autoDraw = False
769.6151 	EXP 	dot_2: borderColor = <psychopy.colors.Color: (0.0, 1.0, 0.0, 1.0)>
769.6151 	EXP 	dot_1: autoDraw = True
770.6153 	EXP 	dot_1: autoDraw = False
770.6153 	EXP 	dot_2: autoDraw = True
771.6153 	EXP 	dot_2: autoDraw = False
771.6153 	EXP 	dot_3: autoDraw = True
772.6152 	EXP 	dot_3: autoDraw = False
772.6152 	EXP 	dot_4: autoDraw = True
773.6151 	EXP 	dot_4: autoDraw = False
773.6151 	EXP 	dot_5: autoDraw = True
774.6151 	EXP 	dot_5: autoDraw = False
774.6151 	EXP 	dot_6: autoDraw = True
775.6151 	EXP 	dot_6: autoDraw = False
775.6151 	EXP 	dot_7: autoDraw = True
776.6153 	EXP 	dot_7: autoDraw = False
776.6153 	EXP 	dot_8: autoDraw = True
777.6151 	EXP 	dot_8: autoDraw = False
777.6151 	EXP 	dot_9: autoDraw = True
778.6150 	EXP 	dot_9: autoDraw = False
778.6150 	EXP 	dot_10: autoDraw = True
779.5997 	EXP 	New trial (rep=76, index=0): <Trial 76 (0 in rep 76) data={'thisN': 76, 'thisTrialN': 0, 'thisRepN': 76}>
779.6149 	EXP 	dot_10: autoDraw = False
779.6149 	EXP 	dot_1: autoDraw = False
779.6149 	EXP 	dot_2: autoDraw = False
779.6149 	EXP 	dot_3: autoDraw = False
779.6149 	EXP 	dot_4: autoDraw = False
779.6149 	EXP 	dot_5: autoDraw = False
779.6149 	EXP 	dot_6: autoDraw = False
779.6149 	EXP 	dot_7: autoDraw = False
779.6149 	EXP 	dot_8: autoDraw = False
779.6149 	EXP 	dot_9: autoDraw = False
779.6149 	EXP 	dot_10: autoDraw = False
779.6149 	EXP 	dot_2: borderColor = <psychopy.colors.Color: (0.0, 1.0, 0.0, 1.0)>
779.6149 	EXP 	dot_1: autoDraw = True
780.6152 	EXP 	dot_1: autoDraw = False
780.6152 	EXP 	dot_2: autoDraw = True
781.6151 	EXP 	dot_2: autoDraw = False
781.6151 	EXP 	dot_3: autoDraw = True
782.6151 	EXP 	dot_3: autoDraw = False
782.6151 	EXP 	dot_4: autoDraw = True
783.6152 	EXP 	dot_4: autoDraw = False
783.6152 	EXP 	dot_5: autoDraw = True
784.6155 	EXP 	dot_5: autoDraw = False
784.6155 	EXP 	dot_6: autoDraw = True
785.6150 	EXP 	dot_6: autoDraw = False
785.6150 	EXP 	dot_7: autoDraw = True
786.6155 	EXP 	dot_7: autoDraw = False
786.6155 	EXP 	dot_8: autoDraw = True
787.6152 	EXP 	dot_8: autoDraw = False
787.6152 	EXP 	dot_9: autoDraw = True
788.6151 	EXP 	dot_9: autoDraw = False
788.6151 	EXP 	dot_10: autoDraw = True
789.5990 	EXP 	New trial (rep=77, index=0): <Trial 77 (0 in rep 77) data={'thisN': 77, 'thisTrialN': 0, 'thisRepN': 77}>
789.6150 	EXP 	dot_10: autoDraw = False
789.6150 	EXP 	dot_1: autoDraw = False
789.6150 	EXP 	dot_2: autoDraw = False
789.6150 	EXP 	dot_3: autoDraw = False
789.6150 	EXP 	dot_4: autoDraw = False
789.6150 	EXP 	dot_5: autoDraw = False
789.6150 	EXP 	dot_6: autoDraw = False
789.6150 	EXP 	dot_7: autoDraw = False
789.6150 	EXP 	dot_8: autoDraw = False
789.6150 	EXP 	dot_9: autoDraw = False
789.6150 	EXP 	dot_10: autoDraw = False
789.6150 	EXP 	dot_2: borderColor = <psychopy.colors.Color: (0.0, 1.0, 0.0, 1.0)>
789.6150 	EXP 	dot_1: autoDraw = True
790.6153 	EXP 	dot_1: autoDraw = False
790.6153 	EXP 	dot_2: autoDraw = True
791.6150 	EXP 	dot_2: autoDraw = False
791.6150 	EXP 	dot_3: autoDraw = True
792.6155 	EXP 	dot_3: autoDraw = False
792.6155 	EXP 	dot_4: autoDraw = True
793.6152 	EXP 	dot_4: autoDraw = False
793.6152 	EXP 	dot_5: autoDraw = True
794.6151 	EXP 	dot_5: autoDraw = False
794.6151 	EXP 	dot_6: autoDraw = True
795.6150 	EXP 	dot_6: autoDraw = False
795.6150 	EXP 	dot_7: autoDraw = True
796.6153 	EXP 	dot_7: autoDraw = False
796.6153 	EXP 	dot_8: autoDraw = True
797.6152 	EXP 	dot_8: autoDraw = False
797.6152 	EXP 	dot_9: autoDraw = True
798.6155 	EXP 	dot_9: autoDraw = False
798.6155 	EXP 	dot_10: autoDraw = True
799.5995 	EXP 	New trial (rep=78, index=0): <Trial 78 (0 in rep 78) data={'thisN': 78, 'thisTrialN': 0, 'thisRepN': 78}>
799.6150 	EXP 	dot_10: autoDraw = False
799.6150 	EXP 	dot_1: autoDraw = False
799.6150 	EXP 	dot_2: autoDraw = False
799.6150 	EXP 	dot_3: autoDraw = False
799.6150 	EXP 	dot_4: autoDraw = False
799.6150 	EXP 	dot_5: autoDraw = False
799.6150 	EXP 	dot_6: autoDraw = False
799.6150 	EXP 	dot_7: autoDraw = False
799.6150 	EXP 	dot_8: autoDraw = False
799.6150 	EXP 	dot_9: autoDraw = False
799.6150 	EXP 	dot_10: autoDraw = False
799.6150 	EXP 	dot_2: borderColor = <psychopy.colors.Color: (0.0, 1.0, 0.0, 1.0)>
799.6150 	EXP 	dot_1: autoDraw = True
800.6150 	EXP 	dot_1: autoDraw = False
800.6150 	EXP 	dot_2: autoDraw = True
801.6153 	EXP 	dot_2: autoDraw = False
801.6153 	EXP 	dot_3: autoDraw = True
802.6155 	EXP 	dot_3: autoDraw = False
802.6155 	EXP 	dot_4: autoDraw = True
803.6152 	EXP 	dot_4: autoDraw = False
803.6152 	EXP 	dot_5: autoDraw = True
804.6150 	EXP 	dot_5: autoDraw = False
804.6150 	EXP 	dot_6: autoDraw = True
805.6155 	EXP 	dot_6: autoDraw = False
805.6155 	EXP 	dot_7: autoDraw = True
806.6155 	EXP 	dot_7: autoDraw = False
806.6155 	EXP 	dot_8: autoDraw = True
807.6152 	EXP 	dot_8: autoDraw = False
807.6152 	EXP 	dot_9: autoDraw = True
808.6154 	EXP 	dot_9: autoDraw = False
808.6154 	EXP 	dot_10: autoDraw = True
809.6000 	EXP 	New trial (rep=79, index=0): <Trial 79 (0 in rep 79) data={'thisN': 79, 'thisTrialN': 0, 'thisRepN': 79}>
809.6153 	EXP 	dot_10: autoDraw = False
809.6153 	EXP 	dot_1: autoDraw = False
809.6153 	EXP 	dot_2: autoDraw = False
809.6153 	EXP 	dot_3: autoDraw = False
809.6153 	EXP 	dot_4: autoDraw = False
809.6153 	EXP 	dot_5: autoDraw = False
809.6153 	EXP 	dot_6: autoDraw = False
809.6153 	EXP 	dot_7: autoDraw = False
809.6153 	EXP 	dot_8: autoDraw = False
809.6153 	EXP 	dot_9: autoDraw = False
809.6153 	EXP 	dot_10: autoDraw = False
809.6153 	EXP 	dot_2: borderColor = <psychopy.colors.Color: (0.0, 1.0, 0.0, 1.0)>
809.6153 	EXP 	dot_1: autoDraw = True
810.6152 	EXP 	dot_1: autoDraw = False
810.6152 	EXP 	dot_2: autoDraw = True
811.6152 	EXP 	dot_2: autoDraw = False
811.6152 	EXP 	dot_3: autoDraw = True
812.6151 	EXP 	dot_3: autoDraw = False
812.6151 	EXP 	dot_4: autoDraw = True
813.6150 	EXP 	dot_4: autoDraw = False
813.6150 	EXP 	dot_5: autoDraw = True
814.6154 	EXP 	dot_5: autoDraw = False
814.6154 	EXP 	dot_6: autoDraw = True
815.6162 	EXP 	dot_6: autoDraw = False
815.6162 	EXP 	dot_7: autoDraw = True
816.6150 	EXP 	dot_7: autoDraw = False
816.6150 	EXP 	dot_8: autoDraw = True
817.6152 	EXP 	dot_8: autoDraw = False
817.6152 	EXP 	dot_9: autoDraw = True
818.6152 	EXP 	dot_9: autoDraw = False
818.6152 	EXP 	dot_10: autoDraw = True
819.5994 	EXP 	New trial (rep=80, index=0): <Trial 80 (0 in rep 80) data={'thisN': 80, 'thisTrialN': 0, 'thisRepN': 80}>
819.6153 	EXP 	dot_10: autoDraw = False
819.6153 	EXP 	dot_1: autoDraw = False
819.6153 	EXP 	dot_2: autoDraw = False
819.6153 	EXP 	dot_3: autoDraw = False
819.6153 	EXP 	dot_4: autoDraw = False
819.6153 	EXP 	dot_5: autoDraw = False
819.6153 	EXP 	dot_6: autoDraw = False
819.6153 	EXP 	dot_7: autoDraw = False
819.6153 	EXP 	dot_8: autoDraw = False
819.6153 	EXP 	dot_9: autoDraw = False
819.6153 	EXP 	dot_10: autoDraw = False
819.6153 	EXP 	dot_2: borderColor = <psychopy.colors.Color: (0.0, 1.0, 0.0, 1.0)>
819.6153 	EXP 	dot_1: autoDraw = True
820.6154 	EXP 	dot_1: autoDraw = False
820.6154 	EXP 	dot_2: autoDraw = True
821.6150 	EXP 	dot_2: autoDraw = False
821.6150 	EXP 	dot_3: autoDraw = True
822.6149 	EXP 	dot_3: autoDraw = False
822.6149 	EXP 	dot_4: autoDraw = True
823.6157 	EXP 	dot_4: autoDraw = False
823.6157 	EXP 	dot_5: autoDraw = True
824.6152 	EXP 	dot_5: autoDraw = False
824.6152 	EXP 	dot_6: autoDraw = True
825.6155 	EXP 	dot_6: autoDraw = False
825.6155 	EXP 	dot_7: autoDraw = True
826.6154 	EXP 	dot_7: autoDraw = False
826.6154 	EXP 	dot_8: autoDraw = True
827.6150 	EXP 	dot_8: autoDraw = False
827.6150 	EXP 	dot_9: autoDraw = True
828.6153 	EXP 	dot_9: autoDraw = False
828.6153 	EXP 	dot_10: autoDraw = True
829.6002 	EXP 	New trial (rep=81, index=0): <Trial 81 (0 in rep 81) data={'thisN': 81, 'thisTrialN': 0, 'thisRepN': 81}>
829.6152 	EXP 	dot_10: autoDraw = False
829.6152 	EXP 	dot_1: autoDraw = False
829.6152 	EXP 	dot_2: autoDraw = False
829.6152 	EXP 	dot_3: autoDraw = False
829.6152 	EXP 	dot_4: autoDraw = False
829.6152 	EXP 	dot_5: autoDraw = False
829.6152 	EXP 	dot_6: autoDraw = False
829.6152 	EXP 	dot_7: autoDraw = False
829.6152 	EXP 	dot_8: autoDraw = False
829.6152 	EXP 	dot_9: autoDraw = False
829.6152 	EXP 	dot_10: autoDraw = False
829.6152 	EXP 	dot_2: borderColor = <psychopy.colors.Color: (0.0, 1.0, 0.0, 1.0)>
829.6152 	EXP 	dot_1: autoDraw = True
830.6153 	EXP 	dot_1: autoDraw = False
830.6153 	EXP 	dot_2: autoDraw = True
831.6150 	EXP 	dot_2: autoDraw = False
831.6150 	EXP 	dot_3: autoDraw = True
832.6153 	EXP 	dot_3: autoDraw = False
832.6153 	EXP 	dot_4: autoDraw = True
833.6152 	EXP 	dot_4: autoDraw = False
833.6152 	EXP 	dot_5: autoDraw = True
834.6152 	EXP 	dot_5: autoDraw = False
834.6152 	EXP 	dot_6: autoDraw = True
835.6149 	EXP 	dot_6: autoDraw = False
835.6149 	EXP 	dot_7: autoDraw = True
836.6149 	EXP 	dot_7: autoDraw = False
836.6149 	EXP 	dot_8: autoDraw = True
837.6151 	EXP 	dot_8: autoDraw = False
837.6151 	EXP 	dot_9: autoDraw = True
838.6151 	EXP 	dot_9: autoDraw = False
838.6151 	EXP 	dot_10: autoDraw = True
839.6003 	EXP 	New trial (rep=82, index=0): <Trial 82 (0 in rep 82) data={'thisN': 82, 'thisTrialN': 0, 'thisRepN': 82}>
839.6151 	EXP 	dot_10: autoDraw = False
839.6151 	EXP 	dot_1: autoDraw = False
839.6151 	EXP 	dot_2: autoDraw = False
839.6151 	EXP 	dot_3: autoDraw = False
839.6151 	EXP 	dot_4: autoDraw = False
839.6151 	EXP 	dot_5: autoDraw = False
839.6151 	EXP 	dot_6: autoDraw = False
839.6151 	EXP 	dot_7: autoDraw = False
839.6151 	EXP 	dot_8: autoDraw = False
839.6151 	EXP 	dot_9: autoDraw = False
839.6151 	EXP 	dot_10: autoDraw = False
839.6151 	EXP 	dot_2: borderColor = <psychopy.colors.Color: (0.0, 1.0, 0.0, 1.0)>
839.6151 	EXP 	dot_1: autoDraw = True
840.6150 	EXP 	dot_1: autoDraw = False
840.6150 	EXP 	dot_2: autoDraw = True
841.6149 	EXP 	dot_2: autoDraw = False
841.6149 	EXP 	dot_3: autoDraw = True
842.6149 	EXP 	dot_3: autoDraw = False
842.6149 	EXP 	dot_4: autoDraw = True
843.6152 	EXP 	dot_4: autoDraw = False
843.6152 	EXP 	dot_5: autoDraw = True
844.6153 	EXP 	dot_5: autoDraw = False
844.6153 	EXP 	dot_6: autoDraw = True
845.6152 	EXP 	dot_6: autoDraw = False
845.6152 	EXP 	dot_7: autoDraw = True
846.6151 	EXP 	dot_7: autoDraw = False
846.6151 	EXP 	dot_8: autoDraw = True
847.6151 	EXP 	dot_8: autoDraw = False
847.6151 	EXP 	dot_9: autoDraw = True
848.6150 	EXP 	dot_9: autoDraw = False
848.6150 	EXP 	dot_10: autoDraw = True
849.5994 	EXP 	New trial (rep=83, index=0): <Trial 83 (0 in rep 83) data={'thisN': 83, 'thisTrialN': 0, 'thisRepN': 83}>
849.6150 	EXP 	dot_10: autoDraw = False
849.6150 	EXP 	dot_1: autoDraw = False
849.6150 	EXP 	dot_2: autoDraw = False
849.6150 	EXP 	dot_3: autoDraw = False
849.6150 	EXP 	dot_4: autoDraw = False
849.6150 	EXP 	dot_5: autoDraw = False
849.6150 	EXP 	dot_6: autoDraw = False
849.6150 	EXP 	dot_7: autoDraw = False
849.6150 	EXP 	dot_8: autoDraw = False
849.6150 	EXP 	dot_9: autoDraw = False
849.6150 	EXP 	dot_10: autoDraw = False
849.6150 	EXP 	dot_2: borderColor = <psychopy.colors.Color: (0.0, 1.0, 0.0, 1.0)>
849.6150 	EXP 	dot_1: autoDraw = True
850.6149 	EXP 	dot_1: autoDraw = False
850.6149 	EXP 	dot_2: autoDraw = True
851.6151 	EXP 	dot_2: autoDraw = False
851.6151 	EXP 	dot_3: autoDraw = True
852.6151 	EXP 	dot_3: autoDraw = False
852.6151 	EXP 	dot_4: autoDraw = True
853.6151 	EXP 	dot_4: autoDraw = False
853.6151 	EXP 	dot_5: autoDraw = True
854.6151 	EXP 	dot_5: autoDraw = False
854.6151 	EXP 	dot_6: autoDraw = True
855.6152 	EXP 	dot_6: autoDraw = False
855.6152 	EXP 	dot_7: autoDraw = True
856.6152 	EXP 	dot_7: autoDraw = False
856.6152 	EXP 	dot_8: autoDraw = True
857.6155 	EXP 	dot_8: autoDraw = False
857.6155 	EXP 	dot_9: autoDraw = True
858.6150 	EXP 	dot_9: autoDraw = False
858.6150 	EXP 	dot_10: autoDraw = True
859.6000 	EXP 	New trial (rep=84, index=0): <Trial 84 (0 in rep 84) data={'thisN': 84, 'thisTrialN': 0, 'thisRepN': 84}>
859.6152 	EXP 	dot_10: autoDraw = False
859.6152 	EXP 	dot_1: autoDraw = False
859.6152 	EXP 	dot_2: autoDraw = False
859.6152 	EXP 	dot_3: autoDraw = False
859.6152 	EXP 	dot_4: autoDraw = False
859.6152 	EXP 	dot_5: autoDraw = False
859.6152 	EXP 	dot_6: autoDraw = False
859.6152 	EXP 	dot_7: autoDraw = False
859.6152 	EXP 	dot_8: autoDraw = False
859.6152 	EXP 	dot_9: autoDraw = False
859.6152 	EXP 	dot_10: autoDraw = False
859.6152 	EXP 	dot_2: borderColor = <psychopy.colors.Color: (0.0, 1.0, 0.0, 1.0)>
859.6152 	EXP 	dot_1: autoDraw = True
860.6150 	EXP 	dot_1: autoDraw = False
860.6150 	EXP 	dot_2: autoDraw = True
861.6154 	EXP 	dot_2: autoDraw = False
861.6154 	EXP 	dot_3: autoDraw = True
862.6151 	EXP 	dot_3: autoDraw = False
862.6151 	EXP 	dot_4: autoDraw = True
863.6149 	EXP 	dot_4: autoDraw = False
863.6149 	EXP 	dot_5: autoDraw = True
864.6154 	EXP 	dot_5: autoDraw = False
864.6154 	EXP 	dot_6: autoDraw = True
865.6151 	EXP 	dot_6: autoDraw = False
865.6151 	EXP 	dot_7: autoDraw = True
866.6154 	EXP 	dot_7: autoDraw = False
866.6154 	EXP 	dot_8: autoDraw = True
867.6153 	EXP 	dot_8: autoDraw = False
867.6153 	EXP 	dot_9: autoDraw = True
868.6153 	EXP 	dot_9: autoDraw = False
868.6153 	EXP 	dot_10: autoDraw = True
869.5996 	EXP 	New trial (rep=85, index=0): <Trial 85 (0 in rep 85) data={'thisN': 85, 'thisTrialN': 0, 'thisRepN': 85}>
869.6150 	EXP 	dot_10: autoDraw = False
869.6150 	EXP 	dot_1: autoDraw = False
869.6150 	EXP 	dot_2: autoDraw = False
869.6150 	EXP 	dot_3: autoDraw = False
869.6150 	EXP 	dot_4: autoDraw = False
869.6150 	EXP 	dot_5: autoDraw = False
869.6150 	EXP 	dot_6: autoDraw = False
869.6150 	EXP 	dot_7: autoDraw = False
869.6150 	EXP 	dot_8: autoDraw = False
869.6150 	EXP 	dot_9: autoDraw = False
869.6150 	EXP 	dot_10: autoDraw = False
869.6150 	EXP 	dot_2: borderColor = <psychopy.colors.Color: (0.0, 1.0, 0.0, 1.0)>
869.6150 	EXP 	dot_1: autoDraw = True
870.6156 	EXP 	dot_1: autoDraw = False
870.6156 	EXP 	dot_2: autoDraw = True
871.6151 	EXP 	dot_2: autoDraw = False
871.6151 	EXP 	dot_3: autoDraw = True
872.6152 	EXP 	dot_3: autoDraw = False
872.6152 	EXP 	dot_4: autoDraw = True
873.6153 	EXP 	dot_4: autoDraw = False
873.6153 	EXP 	dot_5: autoDraw = True
874.6152 	EXP 	dot_5: autoDraw = False
874.6152 	EXP 	dot_6: autoDraw = True
875.6152 	EXP 	dot_6: autoDraw = False
875.6152 	EXP 	dot_7: autoDraw = True
876.6153 	EXP 	dot_7: autoDraw = False
876.6153 	EXP 	dot_8: autoDraw = True
877.6148 	EXP 	dot_8: autoDraw = False
877.6148 	EXP 	dot_9: autoDraw = True
878.6152 	EXP 	dot_9: autoDraw = False
878.6152 	EXP 	dot_10: autoDraw = True
879.5996 	EXP 	New trial (rep=86, index=0): <Trial 86 (0 in rep 86) data={'thisN': 86, 'thisTrialN': 0, 'thisRepN': 86}>
879.6148 	EXP 	dot_10: autoDraw = False
879.6148 	EXP 	dot_1: autoDraw = False
879.6148 	EXP 	dot_2: autoDraw = False
879.6148 	EXP 	dot_3: autoDraw = False
879.6148 	EXP 	dot_4: autoDraw = False
879.6148 	EXP 	dot_5: autoDraw = False
879.6148 	EXP 	dot_6: autoDraw = False
879.6148 	EXP 	dot_7: autoDraw = False
879.6148 	EXP 	dot_8: autoDraw = False
879.6148 	EXP 	dot_9: autoDraw = False
879.6148 	EXP 	dot_10: autoDraw = False
879.6148 	EXP 	dot_2: borderColor = <psychopy.colors.Color: (0.0, 1.0, 0.0, 1.0)>
879.6148 	EXP 	dot_1: autoDraw = True
880.6154 	EXP 	dot_1: autoDraw = False
880.6154 	EXP 	dot_2: autoDraw = True
881.6151 	EXP 	dot_2: autoDraw = False
881.6151 	EXP 	dot_3: autoDraw = True
882.6151 	EXP 	dot_3: autoDraw = False
882.6151 	EXP 	dot_4: autoDraw = True
883.6152 	EXP 	dot_4: autoDraw = False
883.6152 	EXP 	dot_5: autoDraw = True
884.6150 	EXP 	dot_5: autoDraw = False
884.6150 	EXP 	dot_6: autoDraw = True
885.6150 	EXP 	dot_6: autoDraw = False
885.6150 	EXP 	dot_7: autoDraw = True
886.6150 	EXP 	dot_7: autoDraw = False
886.6150 	EXP 	dot_8: autoDraw = True
887.6150 	EXP 	dot_8: autoDraw = False
887.6150 	EXP 	dot_9: autoDraw = True
888.6152 	EXP 	dot_9: autoDraw = False
888.6152 	EXP 	dot_10: autoDraw = True
889.5994 	EXP 	New trial (rep=87, index=0): <Trial 87 (0 in rep 87) data={'thisN': 87, 'thisTrialN': 0, 'thisRepN': 87}>
889.6148 	EXP 	dot_10: autoDraw = False
889.6148 	EXP 	dot_1: autoDraw = False
889.6148 	EXP 	dot_2: autoDraw = False
889.6148 	EXP 	dot_3: autoDraw = False
889.6148 	EXP 	dot_4: autoDraw = False
889.6148 	EXP 	dot_5: autoDraw = False
889.6148 	EXP 	dot_6: autoDraw = False
889.6148 	EXP 	dot_7: autoDraw = False
889.6148 	EXP 	dot_8: autoDraw = False
889.6148 	EXP 	dot_9: autoDraw = False
889.6148 	EXP 	dot_10: autoDraw = False
889.6148 	EXP 	dot_2: borderColor = <psychopy.colors.Color: (0.0, 1.0, 0.0, 1.0)>
889.6148 	EXP 	dot_1: autoDraw = True
890.6155 	EXP 	dot_1: autoDraw = False
890.6155 	EXP 	dot_2: autoDraw = True
891.6152 	EXP 	dot_2: autoDraw = False
891.6152 	EXP 	dot_3: autoDraw = True
892.6151 	EXP 	dot_3: autoDraw = False
892.6151 	EXP 	dot_4: autoDraw = True
893.6152 	EXP 	dot_4: autoDraw = False
893.6152 	EXP 	dot_5: autoDraw = True
894.6149 	EXP 	dot_5: autoDraw = False
894.6149 	EXP 	dot_6: autoDraw = True
895.6150 	EXP 	dot_6: autoDraw = False
895.6150 	EXP 	dot_7: autoDraw = True
896.6150 	EXP 	dot_7: autoDraw = False
896.6150 	EXP 	dot_8: autoDraw = True
897.6150 	EXP 	dot_8: autoDraw = False
897.6150 	EXP 	dot_9: autoDraw = True
898.6148 	EXP 	dot_9: autoDraw = False
898.6148 	EXP 	dot_10: autoDraw = True
899.6001 	EXP 	New trial (rep=88, index=0): <Trial 88 (0 in rep 88) data={'thisN': 88, 'thisTrialN': 0, 'thisRepN': 88}>
899.6154 	EXP 	dot_10: autoDraw = False
899.6154 	EXP 	dot_1: autoDraw = False
899.6154 	EXP 	dot_2: autoDraw = False
899.6154 	EXP 	dot_3: autoDraw = False
899.6154 	EXP 	dot_4: autoDraw = False
899.6154 	EXP 	dot_5: autoDraw = False
899.6154 	EXP 	dot_6: autoDraw = False
899.6154 	EXP 	dot_7: autoDraw = False
899.6154 	EXP 	dot_8: autoDraw = False
899.6154 	EXP 	dot_9: autoDraw = False
899.6154 	EXP 	dot_10: autoDraw = False
899.6154 	EXP 	dot_2: borderColor = <psychopy.colors.Color: (0.0, 1.0, 0.0, 1.0)>
899.6154 	EXP 	dot_1: autoDraw = True
900.6152 	EXP 	dot_1: autoDraw = False
900.6152 	EXP 	dot_2: autoDraw = True
901.6149 	EXP 	dot_2: autoDraw = False
901.6149 	EXP 	dot_3: autoDraw = True
902.6150 	EXP 	dot_3: autoDraw = False
902.6150 	EXP 	dot_4: autoDraw = True
903.6151 	EXP 	dot_4: autoDraw = False
903.6151 	EXP 	dot_5: autoDraw = True
904.6154 	EXP 	dot_5: autoDraw = False
904.6154 	EXP 	dot_6: autoDraw = True
905.6149 	EXP 	dot_6: autoDraw = False
905.6149 	EXP 	dot_7: autoDraw = True
906.6149 	EXP 	dot_7: autoDraw = False
906.6149 	EXP 	dot_8: autoDraw = True
907.6150 	EXP 	dot_8: autoDraw = False
907.6150 	EXP 	dot_9: autoDraw = True
908.6150 	EXP 	dot_9: autoDraw = False
908.6150 	EXP 	dot_10: autoDraw = True
909.5994 	EXP 	New trial (rep=89, index=0): <Trial 89 (0 in rep 89) data={'thisN': 89, 'thisTrialN': 0, 'thisRepN': 89}>
909.6149 	EXP 	dot_10: autoDraw = False
909.6149 	EXP 	dot_1: autoDraw = False
909.6149 	EXP 	dot_2: autoDraw = False
909.6149 	EXP 	dot_3: autoDraw = False
909.6149 	EXP 	dot_4: autoDraw = False
909.6149 	EXP 	dot_5: autoDraw = False
909.6149 	EXP 	dot_6: autoDraw = False
909.6149 	EXP 	dot_7: autoDraw = False
909.6149 	EXP 	dot_8: autoDraw = False
909.6149 	EXP 	dot_9: autoDraw = False
909.6149 	EXP 	dot_10: autoDraw = False
909.6149 	EXP 	dot_2: borderColor = <psychopy.colors.Color: (0.0, 1.0, 0.0, 1.0)>
909.6149 	EXP 	dot_1: autoDraw = True
910.6149 	EXP 	dot_1: autoDraw = False
910.6149 	EXP 	dot_2: autoDraw = True
911.6155 	EXP 	dot_2: autoDraw = False
911.6155 	EXP 	dot_3: autoDraw = True
912.6151 	EXP 	dot_3: autoDraw = False
912.6151 	EXP 	dot_4: autoDraw = True
913.6150 	EXP 	dot_4: autoDraw = False
913.6150 	EXP 	dot_5: autoDraw = True
914.6152 	EXP 	dot_5: autoDraw = False
914.6152 	EXP 	dot_6: autoDraw = True
915.6156 	EXP 	dot_6: autoDraw = False
915.6156 	EXP 	dot_7: autoDraw = True
916.6151 	EXP 	dot_7: autoDraw = False
916.6151 	EXP 	dot_8: autoDraw = True
917.6151 	EXP 	dot_8: autoDraw = False
917.6151 	EXP 	dot_9: autoDraw = True
918.6149 	EXP 	dot_9: autoDraw = False
918.6149 	EXP 	dot_10: autoDraw = True
919.5996 	EXP 	New trial (rep=90, index=0): <Trial 90 (0 in rep 90) data={'thisN': 90, 'thisTrialN': 0, 'thisRepN': 90}>
919.6149 	EXP 	dot_10: autoDraw = False
919.6149 	EXP 	dot_1: autoDraw = False
919.6149 	EXP 	dot_2: autoDraw = False
919.6149 	EXP 	dot_3: autoDraw = False
919.6149 	EXP 	dot_4: autoDraw = False
919.6149 	EXP 	dot_5: autoDraw = False
919.6149 	EXP 	dot_6: autoDraw = False
919.6149 	EXP 	dot_7: autoDraw = False
919.6149 	EXP 	dot_8: autoDraw = False
919.6149 	EXP 	dot_9: autoDraw = False
919.6149 	EXP 	dot_10: autoDraw = False
919.6149 	EXP 	dot_2: borderColor = <psychopy.colors.Color: (0.0, 1.0, 0.0, 1.0)>
919.6149 	EXP 	dot_1: autoDraw = True
920.6156 	EXP 	dot_1: autoDraw = False
920.6156 	EXP 	dot_2: autoDraw = True
921.6152 	EXP 	dot_2: autoDraw = False
921.6152 	EXP 	dot_3: autoDraw = True
922.6150 	EXP 	dot_3: autoDraw = False
922.6150 	EXP 	dot_4: autoDraw = True
923.6149 	EXP 	dot_4: autoDraw = False
923.6149 	EXP 	dot_5: autoDraw = True
924.6154 	EXP 	dot_5: autoDraw = False
924.6154 	EXP 	dot_6: autoDraw = True
925.6153 	EXP 	dot_6: autoDraw = False
925.6153 	EXP 	dot_7: autoDraw = True
926.6150 	EXP 	dot_7: autoDraw = False
926.6150 	EXP 	dot_8: autoDraw = True
927.6155 	EXP 	dot_8: autoDraw = False
927.6155 	EXP 	dot_9: autoDraw = True
928.6148 	EXP 	dot_9: autoDraw = False
928.6148 	EXP 	dot_10: autoDraw = True
929.5996 	EXP 	New trial (rep=91, index=0): <Trial 91 (0 in rep 91) data={'thisN': 91, 'thisTrialN': 0, 'thisRepN': 91}>
929.6150 	EXP 	dot_10: autoDraw = False
929.6150 	EXP 	dot_1: autoDraw = False
929.6150 	EXP 	dot_2: autoDraw = False
929.6150 	EXP 	dot_3: autoDraw = False
929.6150 	EXP 	dot_4: autoDraw = False
929.6150 	EXP 	dot_5: autoDraw = False
929.6150 	EXP 	dot_6: autoDraw = False
929.6150 	EXP 	dot_7: autoDraw = False
929.6150 	EXP 	dot_8: autoDraw = False
929.6150 	EXP 	dot_9: autoDraw = False
929.6150 	EXP 	dot_10: autoDraw = False
929.6150 	EXP 	dot_2: borderColor = <psychopy.colors.Color: (0.0, 1.0, 0.0, 1.0)>
929.6150 	EXP 	dot_1: autoDraw = True
930.6152 	EXP 	dot_1: autoDraw = False
930.6152 	EXP 	dot_2: autoDraw = True
931.6152 	EXP 	dot_2: autoDraw = False
931.6152 	EXP 	dot_3: autoDraw = True
932.6152 	EXP 	dot_3: autoDraw = False
932.6152 	EXP 	dot_4: autoDraw = True
933.6150 	EXP 	dot_4: autoDraw = False
933.6150 	EXP 	dot_5: autoDraw = True
934.6148 	EXP 	dot_5: autoDraw = False
934.6148 	EXP 	dot_6: autoDraw = True
935.6151 	EXP 	dot_6: autoDraw = False
935.6151 	EXP 	dot_7: autoDraw = True
936.6151 	EXP 	dot_7: autoDraw = False
936.6151 	EXP 	dot_8: autoDraw = True
937.6149 	EXP 	dot_8: autoDraw = False
937.6149 	EXP 	dot_9: autoDraw = True
938.6151 	EXP 	dot_9: autoDraw = False
938.6151 	EXP 	dot_10: autoDraw = True
939.6001 	EXP 	New trial (rep=92, index=0): <Trial 92 (0 in rep 92) data={'thisN': 92, 'thisTrialN': 0, 'thisRepN': 92}>
939.6148 	EXP 	dot_10: autoDraw = False
939.6148 	EXP 	dot_1: autoDraw = False
939.6148 	EXP 	dot_2: autoDraw = False
939.6148 	EXP 	dot_3: autoDraw = False
939.6148 	EXP 	dot_4: autoDraw = False
939.6148 	EXP 	dot_5: autoDraw = False
939.6148 	EXP 	dot_6: autoDraw = False
939.6148 	EXP 	dot_7: autoDraw = False
939.6148 	EXP 	dot_8: autoDraw = False
939.6148 	EXP 	dot_9: autoDraw = False
939.6148 	EXP 	dot_10: autoDraw = False
939.6148 	EXP 	dot_2: borderColor = <psychopy.colors.Color: (0.0, 1.0, 0.0, 1.0)>
939.6148 	EXP 	dot_1: autoDraw = True
940.6151 	EXP 	dot_1: autoDraw = False
940.6151 	EXP 	dot_2: autoDraw = True
941.6151 	EXP 	dot_2: autoDraw = False
941.6151 	EXP 	dot_3: autoDraw = True
942.6151 	EXP 	dot_3: autoDraw = False
942.6151 	EXP 	dot_4: autoDraw = True
943.6150 	EXP 	dot_4: autoDraw = False
943.6150 	EXP 	dot_5: autoDraw = True
944.6149 	EXP 	dot_5: autoDraw = False
944.6149 	EXP 	dot_6: autoDraw = True
945.6150 	EXP 	dot_6: autoDraw = False
945.6150 	EXP 	dot_7: autoDraw = True
946.6150 	EXP 	dot_7: autoDraw = False
946.6150 	EXP 	dot_8: autoDraw = True
947.6149 	EXP 	dot_8: autoDraw = False
947.6149 	EXP 	dot_9: autoDraw = True
948.6149 	EXP 	dot_9: autoDraw = False
948.6149 	EXP 	dot_10: autoDraw = True
949.5996 	EXP 	New trial (rep=93, index=0): <Trial 93 (0 in rep 93) data={'thisN': 93, 'thisTrialN': 0, 'thisRepN': 93}>
949.6152 	EXP 	dot_10: autoDraw = False
949.6152 	EXP 	dot_1: autoDraw = False
949.6152 	EXP 	dot_2: autoDraw = False
949.6152 	EXP 	dot_3: autoDraw = False
949.6152 	EXP 	dot_4: autoDraw = False
949.6152 	EXP 	dot_5: autoDraw = False
949.6152 	EXP 	dot_6: autoDraw = False
949.6152 	EXP 	dot_7: autoDraw = False
949.6152 	EXP 	dot_8: autoDraw = False
949.6152 	EXP 	dot_9: autoDraw = False
949.6152 	EXP 	dot_10: autoDraw = False
949.6152 	EXP 	dot_2: borderColor = <psychopy.colors.Color: (0.0, 1.0, 0.0, 1.0)>
949.6152 	EXP 	dot_1: autoDraw = True
950.6155 	EXP 	dot_1: autoDraw = False
950.6155 	EXP 	dot_2: autoDraw = True
951.6151 	EXP 	dot_2: autoDraw = False
951.6151 	EXP 	dot_3: autoDraw = True
952.6149 	EXP 	dot_3: autoDraw = False
952.6149 	EXP 	dot_4: autoDraw = True
953.6149 	EXP 	dot_4: autoDraw = False
953.6149 	EXP 	dot_5: autoDraw = True
954.6150 	EXP 	dot_5: autoDraw = False
954.6150 	EXP 	dot_6: autoDraw = True
955.6150 	EXP 	dot_6: autoDraw = False
955.6150 	EXP 	dot_7: autoDraw = True
956.6149 	EXP 	dot_7: autoDraw = False
956.6149 	EXP 	dot_8: autoDraw = True
957.6150 	EXP 	dot_8: autoDraw = False
957.6150 	EXP 	dot_9: autoDraw = True
958.6153 	EXP 	dot_9: autoDraw = False
958.6153 	EXP 	dot_10: autoDraw = True
959.5996 	EXP 	New trial (rep=94, index=0): <Trial 94 (0 in rep 94) data={'thisN': 94, 'thisTrialN': 0, 'thisRepN': 94}>
959.6150 	EXP 	dot_10: autoDraw = False
959.6150 	EXP 	dot_1: autoDraw = False
959.6150 	EXP 	dot_2: autoDraw = False
959.6150 	EXP 	dot_3: autoDraw = False
959.6150 	EXP 	dot_4: autoDraw = False
959.6150 	EXP 	dot_5: autoDraw = False
959.6150 	EXP 	dot_6: autoDraw = False
959.6150 	EXP 	dot_7: autoDraw = False
959.6150 	EXP 	dot_8: autoDraw = False
959.6150 	EXP 	dot_9: autoDraw = False
959.6150 	EXP 	dot_10: autoDraw = False
959.6150 	EXP 	dot_2: borderColor = <psychopy.colors.Color: (0.0, 1.0, 0.0, 1.0)>
959.6150 	EXP 	dot_1: autoDraw = True
960.6150 	EXP 	dot_1: autoDraw = False
960.6150 	EXP 	dot_2: autoDraw = True
961.6149 	EXP 	dot_2: autoDraw = False
961.6149 	EXP 	dot_3: autoDraw = True
962.6151 	EXP 	dot_3: autoDraw = False
962.6151 	EXP 	dot_4: autoDraw = True
963.6151 	EXP 	dot_4: autoDraw = False
963.6151 	EXP 	dot_5: autoDraw = True
964.6152 	EXP 	dot_5: autoDraw = False
964.6152 	EXP 	dot_6: autoDraw = True
965.6150 	EXP 	dot_6: autoDraw = False
965.6150 	EXP 	dot_7: autoDraw = True
966.6148 	EXP 	dot_7: autoDraw = False
966.6148 	EXP 	dot_8: autoDraw = True
967.6149 	EXP 	dot_8: autoDraw = False
967.6149 	EXP 	dot_9: autoDraw = True
968.6150 	EXP 	dot_9: autoDraw = False
968.6150 	EXP 	dot_10: autoDraw = True
969.5993 	EXP 	New trial (rep=95, index=0): <Trial 95 (0 in rep 95) data={'thisN': 95, 'thisTrialN': 0, 'thisRepN': 95}>
969.6149 	EXP 	dot_10: autoDraw = False
969.6149 	EXP 	dot_1: autoDraw = False
969.6149 	EXP 	dot_2: autoDraw = False
969.6149 	EXP 	dot_3: autoDraw = False
969.6149 	EXP 	dot_4: autoDraw = False
969.6149 	EXP 	dot_5: autoDraw = False
969.6149 	EXP 	dot_6: autoDraw = False
969.6149 	EXP 	dot_7: autoDraw = False
969.6149 	EXP 	dot_8: autoDraw = False
969.6149 	EXP 	dot_9: autoDraw = False
969.6149 	EXP 	dot_10: autoDraw = False
969.6149 	EXP 	dot_2: borderColor = <psychopy.colors.Color: (0.0, 1.0, 0.0, 1.0)>
969.6149 	EXP 	dot_1: autoDraw = True
970.6148 	EXP 	dot_1: autoDraw = False
970.6148 	EXP 	dot_2: autoDraw = True
971.6148 	EXP 	dot_2: autoDraw = False
971.6148 	EXP 	dot_3: autoDraw = True
972.6152 	EXP 	dot_3: autoDraw = False
972.6152 	EXP 	dot_4: autoDraw = True
973.6152 	EXP 	dot_4: autoDraw = False
973.6152 	EXP 	dot_5: autoDraw = True
974.6153 	EXP 	dot_5: autoDraw = False
974.6153 	EXP 	dot_6: autoDraw = True
975.6153 	EXP 	dot_6: autoDraw = False
975.6153 	EXP 	dot_7: autoDraw = True
976.6152 	EXP 	dot_7: autoDraw = False
976.6152 	EXP 	dot_8: autoDraw = True
977.6152 	EXP 	dot_8: autoDraw = False
977.6152 	EXP 	dot_9: autoDraw = True
978.6152 	EXP 	dot_9: autoDraw = False
978.6152 	EXP 	dot_10: autoDraw = True
979.5995 	EXP 	New trial (rep=96, index=0): <Trial 96 (0 in rep 96) data={'thisN': 96, 'thisTrialN': 0, 'thisRepN': 96}>
979.6150 	EXP 	dot_10: autoDraw = False
979.6150 	EXP 	dot_1: autoDraw = False
979.6150 	EXP 	dot_2: autoDraw = False
979.6150 	EXP 	dot_3: autoDraw = False
979.6150 	EXP 	dot_4: autoDraw = False
979.6150 	EXP 	dot_5: autoDraw = False
979.6150 	EXP 	dot_6: autoDraw = False
979.6150 	EXP 	dot_7: autoDraw = False
979.6150 	EXP 	dot_8: autoDraw = False
979.6150 	EXP 	dot_9: autoDraw = False
979.6150 	EXP 	dot_10: autoDraw = False
979.6150 	EXP 	dot_2: borderColor = <psychopy.colors.Color: (0.0, 1.0, 0.0, 1.0)>
979.6150 	EXP 	dot_1: autoDraw = True
980.6149 	EXP 	dot_1: autoDraw = False
980.6149 	EXP 	dot_2: autoDraw = True
981.6152 	EXP 	dot_2: autoDraw = False
981.6152 	EXP 	dot_3: autoDraw = True
982.6149 	EXP 	dot_3: autoDraw = False
982.6149 	EXP 	dot_4: autoDraw = True
983.6149 	EXP 	dot_4: autoDraw = False
983.6149 	EXP 	dot_5: autoDraw = True
984.6150 	EXP 	dot_5: autoDraw = False
984.6150 	EXP 	dot_6: autoDraw = True
985.6151 	EXP 	dot_6: autoDraw = False
985.6151 	EXP 	dot_7: autoDraw = True
986.6150 	EXP 	dot_7: autoDraw = False
986.6150 	EXP 	dot_8: autoDraw = True
987.6153 	EXP 	dot_8: autoDraw = False
987.6153 	EXP 	dot_9: autoDraw = True
988.6151 	EXP 	dot_9: autoDraw = False
988.6151 	EXP 	dot_10: autoDraw = True
989.5994 	EXP 	New trial (rep=97, index=0): <Trial 97 (0 in rep 97) data={'thisN': 97, 'thisTrialN': 0, 'thisRepN': 97}>
989.6155 	EXP 	dot_10: autoDraw = False
989.6155 	EXP 	dot_1: autoDraw = False
989.6155 	EXP 	dot_2: autoDraw = False
989.6155 	EXP 	dot_3: autoDraw = False
989.6155 	EXP 	dot_4: autoDraw = False
989.6155 	EXP 	dot_5: autoDraw = False
989.6155 	EXP 	dot_6: autoDraw = False
989.6155 	EXP 	dot_7: autoDraw = False
989.6155 	EXP 	dot_8: autoDraw = False
989.6155 	EXP 	dot_9: autoDraw = False
989.6155 	EXP 	dot_10: autoDraw = False
989.6155 	EXP 	dot_2: borderColor = <psychopy.colors.Color: (0.0, 1.0, 0.0, 1.0)>
989.6155 	EXP 	dot_1: autoDraw = True
990.6148 	EXP 	dot_1: autoDraw = False
990.6148 	EXP 	dot_2: autoDraw = True
991.6148 	EXP 	dot_2: autoDraw = False
991.6148 	EXP 	dot_3: autoDraw = True
992.6150 	EXP 	dot_3: autoDraw = False
992.6150 	EXP 	dot_4: autoDraw = True
993.6150 	EXP 	dot_4: autoDraw = False
993.6150 	EXP 	dot_5: autoDraw = True
994.6147 	EXP 	dot_5: autoDraw = False
994.6147 	EXP 	dot_6: autoDraw = True
995.6149 	EXP 	dot_6: autoDraw = False
995.6149 	EXP 	dot_7: autoDraw = True
996.6147 	EXP 	dot_7: autoDraw = False
996.6147 	EXP 	dot_8: autoDraw = True
997.6150 	EXP 	dot_8: autoDraw = False
997.6150 	EXP 	dot_9: autoDraw = True
998.6148 	EXP 	dot_9: autoDraw = False
998.6148 	EXP 	dot_10: autoDraw = True
999.5990 	EXP 	New trial (rep=98, index=0): <Trial 98 (0 in rep 98) data={'thisN': 98, 'thisTrialN': 0, 'thisRepN': 98}>
999.6149 	EXP 	dot_10: autoDraw = False
999.6149 	EXP 	dot_1: autoDraw = False
999.6149 	EXP 	dot_2: autoDraw = False
999.6149 	EXP 	dot_3: autoDraw = False
999.6149 	EXP 	dot_4: autoDraw = False
999.6149 	EXP 	dot_5: autoDraw = False
999.6149 	EXP 	dot_6: autoDraw = False
999.6149 	EXP 	dot_7: autoDraw = False
999.6149 	EXP 	dot_8: autoDraw = False
999.6149 	EXP 	dot_9: autoDraw = False
999.6149 	EXP 	dot_10: autoDraw = False
999.6149 	EXP 	dot_2: borderColor = <psychopy.colors.Color: (0.0, 1.0, 0.0, 1.0)>
999.6149 	EXP 	dot_1: autoDraw = True
1000.6149 	EXP 	dot_1: autoDraw = False
1000.6149 	EXP 	dot_2: autoDraw = True
1001.6149 	EXP 	dot_2: autoDraw = False
1001.6149 	EXP 	dot_3: autoDraw = True
1002.6151 	EXP 	dot_3: autoDraw = False
1002.6151 	EXP 	dot_4: autoDraw = True
1003.6149 	EXP 	dot_4: autoDraw = False
1003.6149 	EXP 	dot_5: autoDraw = True
1004.6150 	EXP 	dot_5: autoDraw = False
1004.6150 	EXP 	dot_6: autoDraw = True
1005.6151 	EXP 	dot_6: autoDraw = False
1005.6151 	EXP 	dot_7: autoDraw = True
1006.6150 	EXP 	dot_7: autoDraw = False
1006.6150 	EXP 	dot_8: autoDraw = True
1007.6149 	EXP 	dot_8: autoDraw = False
1007.6149 	EXP 	dot_9: autoDraw = True
1008.6147 	EXP 	dot_9: autoDraw = False
1008.6147 	EXP 	dot_10: autoDraw = True
1009.5995 	EXP 	New trial (rep=99, index=0): <Trial 99 (0 in rep 99) data={'thisN': 99, 'thisTrialN': 0, 'thisRepN': 99}>
1009.6149 	EXP 	dot_10: autoDraw = False
1009.6149 	EXP 	dot_1: autoDraw = False
1009.6149 	EXP 	dot_2: autoDraw = False
1009.6149 	EXP 	dot_3: autoDraw = False
1009.6149 	EXP 	dot_4: autoDraw = False
1009.6149 	EXP 	dot_5: autoDraw = False
1009.6149 	EXP 	dot_6: autoDraw = False
1009.6149 	EXP 	dot_7: autoDraw = False
1009.6149 	EXP 	dot_8: autoDraw = False
1009.6149 	EXP 	dot_9: autoDraw = False
1009.6149 	EXP 	dot_10: autoDraw = False
1009.6149 	EXP 	dot_2: borderColor = <psychopy.colors.Color: (0.0, 1.0, 0.0, 1.0)>
1009.6149 	EXP 	dot_1: autoDraw = True
1010.6151 	EXP 	dot_1: autoDraw = False
1010.6151 	EXP 	dot_2: autoDraw = True
1011.6150 	EXP 	dot_2: autoDraw = False
1011.6150 	EXP 	dot_3: autoDraw = True
1012.6150 	EXP 	dot_3: autoDraw = False
1012.6150 	EXP 	dot_4: autoDraw = True
1013.6151 	EXP 	dot_4: autoDraw = False
1013.6151 	EXP 	dot_5: autoDraw = True
1014.6152 	EXP 	dot_5: autoDraw = False
1014.6152 	EXP 	dot_6: autoDraw = True
1015.6153 	EXP 	dot_6: autoDraw = False
1015.6153 	EXP 	dot_7: autoDraw = True
1016.6148 	EXP 	dot_7: autoDraw = False
1016.6148 	EXP 	dot_8: autoDraw = True
1017.6148 	EXP 	dot_8: autoDraw = False
1017.6148 	EXP 	dot_9: autoDraw = True
1018.6149 	EXP 	dot_9: autoDraw = False
1018.6149 	EXP 	dot_10: autoDraw = True
1019.5992 	EXP 	New trial (rep=100, index=0): <Trial 100 (0 in rep 100) data={'thisN': 100, 'thisTrialN': 0, 'thisRepN': 100}>
1019.6149 	EXP 	dot_10: autoDraw = False
1019.6149 	EXP 	dot_1: autoDraw = False
1019.6149 	EXP 	dot_2: autoDraw = False
1019.6149 	EXP 	dot_3: autoDraw = False
1019.6149 	EXP 	dot_4: autoDraw = False
1019.6149 	EXP 	dot_5: autoDraw = False
1019.6149 	EXP 	dot_6: autoDraw = False
1019.6149 	EXP 	dot_7: autoDraw = False
1019.6149 	EXP 	dot_8: autoDraw = False
1019.6149 	EXP 	dot_9: autoDraw = False
1019.6149 	EXP 	dot_10: autoDraw = False
1019.6149 	EXP 	dot_2: borderColor = <psychopy.colors.Color: (0.0, 1.0, 0.0, 1.0)>
1019.6149 	EXP 	dot_1: autoDraw = True
1020.6149 	EXP 	dot_1: autoDraw = False
1020.6149 	EXP 	dot_2: autoDraw = True
1021.6150 	EXP 	dot_2: autoDraw = False
1021.6150 	EXP 	dot_3: autoDraw = True
1022.6149 	EXP 	dot_3: autoDraw = False
1022.6149 	EXP 	dot_4: autoDraw = True
1023.6150 	EXP 	dot_4: autoDraw = False
1023.6150 	EXP 	dot_5: autoDraw = True
1024.6151 	EXP 	dot_5: autoDraw = False
1024.6151 	EXP 	dot_6: autoDraw = True
1025.6153 	EXP 	dot_6: autoDraw = False
1025.6153 	EXP 	dot_7: autoDraw = True
1026.6154 	EXP 	dot_7: autoDraw = False
1026.6154 	EXP 	dot_8: autoDraw = True
1027.6147 	EXP 	dot_8: autoDraw = False
1027.6147 	EXP 	dot_9: autoDraw = True
1028.6153 	EXP 	dot_9: autoDraw = False
1028.6153 	EXP 	dot_10: autoDraw = True
1028.7850 	DATA 	Keypress: escape
1028.8162 	EXP 	fixation_dots_T2weighted: status = STOPPED
1028.8317 	EXP 	dot_10: autoDraw = False
1028.8319 	EXP 	fixation_dots_T2weighted: status = STOPPED
1029.0851 	EXP 	window1: mouseVisible = True
